food,Caloric Value,Fat,Carbohydrates,Sugars,Protein
cream cheese,51,5.0,0.8,0.5,0.9
neufchatel cheese,215,19.4,3.1,2.7,7.8
requeijao cremoso light catupiry,49,3.6,0.9,3.4,0.8
ricotta cheese,30,2.0,1.5,0.091,1.5
cream cheese low fat,30,2.3,1.2,0.9,1.2
cream cheese fat free,19,0.2,1.4,1.0,2.8
gruyere cheese,116,9.1,0.1,0.1,8.3
cheddar cheese,113,9.3,0.9,0.1,6.4
parmesan cheese,71,4.5,0.6,0.046,6.4
romano cheese,19,1.3,0.2,0.088,1.6
parmesan cheese grated,21,1.4,0.7,0.075,1.4
port salut cheese,465,37.2,0.8,0.8,31.4
swiss cheese,98,7.7,0.4,0.0,6.7
goat cheese hard,128,10.1,0.6,0.6,8.6
gouda cheese,100,7.7,0.6,0.6,7.0
pepper jack cheese lucerne,75,6.0,0.0,0.0,5.0
tilsit cheese,136,10.4,0.8,0.0,9.8
goat cheese,103,8.4,0.009,0.031,6.1
brick cheese,111,8.9,0.8,0.2,7.0
asadero cheese,402,31.9,3.2,3.2,25.5
camembert cheese,90,7.3,0.1,0.1,5.9
provolone cheese reduced fat,310,19.9,4.0,0.6,27.9
roquefort cheese,314,26.0,1.7,0.0,18.3
queso blanco cheese,366,28.7,3.0,2.1,24.0
queso seco cheese,315,23.6,2.0,0.5,23.8
goat cheese soft,75,6.0,0.0,0.3,5.2
mozzarella cheese,90,6.6,0.7,0.0,6.7
chihuahua cheese,494,39.2,7.3,7.3,28.5
limburger cheese,98,8.2,0.1,0.1,6.0
muenster cheese,486,39.7,1.5,1.5,30.9
queso fresco cheese,365,29.1,3.6,2.8,22.1
brie cheese,100,8.3,0.1,0.1,6.2
mexican cheese,316,21.7,3.8,0.6,27.7
feta cheese,80,6.4,1.2,0.0,4.3
mozzarella cheese fat free,159,0.0,4.0,1.7,35.8
provolone cheese,463,35.1,2.8,0.7,33.8
anejo cheese,492,39.6,6.1,6.1,28.3
honey,64,0.0,17.3,17.2,0.08
apple butter,35,0.063,8.5,7.1,0.045
fruit jam,56,0.095,13.8,9.7,0.0
chocolate hazelnut spread,100,5.5,11.5,10.0,1.0
peanut butter,88,7.4,3.6,1.0,3.3
peanut spread,101,8.5,2.2,0.5,3.8
chicken spread,88,9.8,2.3,0.3,10.1
tahini,86,7.2,3.9,0.0,2.7
orange marmalade,49,0.0,13.3,12.0,0.014
american cheese spread,46,3.4,1.4,1.2,2.6
apricot jam,48,0.01,12.9,8.7,0.1
chunky peanut butter,94,8.0,3.5,1.3,3.8
ham and cheese spread,37,2.8,0.3,0.0,2.4
chicken and rice casserole homade,27,1.0,2.4,0.0,2.0
picnic loaf,65,4.7,1.3,0.0,4.2
corn tamale,309,12.0,44.3,12.3,5.8
baked potato with cheese sauce bacon,451,25.9,44.4,0.0,18.4
chinese egg roll,223,10.6,24.3,0.0,7.4
butter croissant,231,12.0,26.1,6.4,4.7
enchilada with cheese beef,323,17.6,30.5,0.0,11.9
corned beef hash with potatoes,387,24.2,21.9,0.8,20.6
biscuit with egg cheese bacon,436,25.3,35.4,2.5,17.4
bagel with ham egg cheese,483,18.5,52.4,7.0,26.7
corn rice,110,0.3,25.2,3.0,1.8
beef empanada,298,16.3,27.8,1.6,10.1
frijoles with cheese,225,7.8,28.7,0.0,11.4
burrito with beef,285,8.1,43.9,4.1,9.1
crispy chicken sandwich,350,17.6,33.2,3.9,14.8
enchilada with cheese,374,25.3,21.2,3.6,15.4
pork egg roll,189,6.1,25.1,4.5,8.4
corn on the cob with butter,155,3.4,31.9,0.0,4.5
pancakes with butter syrup,260,7.0,45.4,0.0,4.1
burrito with beans,224,6.7,35.7,0.0,7.0
scrambled eggs,100,7.6,1.0,0.8,6.5
baked potato with sour cream,393,22.3,50.0,0.0,6.7
turkey and gravy,161,6.3,11.1,0.0,14.1
chicken egg roll,158,3.6,22.8,4.5,8.4
vegetable egg roll,153,3.6,25.0,5.3,5.2
ham cheese roll,67,5.2,1.1,0.0,3.8
biscuit with ham,386,18.4,43.8,2.2,13.4
hummus,435,21.1,49.5,0.7,12.0
croissant with egg cheese,368,24.7,24.3,0.0,12.8
enchirito with cheese beef beans,344,16.1,33.8,0.0,17.9
sweet sour pork,38,2.2,3.3,1.4,1.2
crab cake,160,10.4,5.1,0.0,11.3
egg dinner roll,107,2.2,18.2,1.5,3.3
english muffin with egg cheese sausage,472,29.9,28.8,2.5,22.1
buttermilk pancakes,86,3.5,10.9,0.0,2.6
omelet,94,7.1,0.4,0.2,6.4
taco with chicken cheese lettuce,185,6.2,19.3,1.3,13.0
spinach souffle,230,17.6,8.0,2.5,10.7
english muffin with cheese sausage,365,22.3,27.3,2.1,14.3
potato gratin,328,18.6,27.6,0.0,12.4
biscuit with egg,436,25.3,35.4,2.5,17.4
french fries deep fried,222,10.5,29.4,0.2,2.4
sweet sour chicken,46,2.3,4.4,2.1,1.8
burrito with beans beef,460,18.0,47.0,5.3,27.8
arroz con grandules,209,5.7,35.4,0.0,4.0
chili con carne,271,8.8,33.1,4.7,14.7
arroz con abichuelas,223,5.4,37.3,0.2,6.2
biscuit with sausage,412,27.1,33.3,1.8,10.7
vegetarian stew,304,7.4,17.3,3.1,42.0
biscuit with egg steak,410,28.4,21.3,0.0,17.9
taco salad,212,11.2,17.9,0.0,10.0
succotash,213,1.5,46.8,0.0,9.7
biscuit with egg ham,442,27.0,31.4,4.2,20.4
ladyfingers,103,2.6,16.9,7.2,3.0
mozzarella steak fried,102,5.9,7.7,0.7,4.6
tamale navajo,285,11.4,33.7,1.8,11.7
blueberry pancakes,84,3.5,11.0,0.0,2.3
chimichanga with beef cheese,443,23.4,39.3,0.0,20.1
egg cheese sandwich,340,19.4,25.9,0.0,15.6
biscuit with egg bacon,458,31.1,28.6,3.3,17.0
pupusas con queso,300,15.5,26.2,1.4,13.7
apple croissant,145,5.0,21.1,0.0,4.2
refried red beans,336,16.1,36.0,0.0,11.7
tostada with guacamole,180,11.6,16.0,0.0,6.2
chicken sandwich,468,20.9,39.1,6.8,30.4
fried rice,228,3.2,43.4,0.6,6.5
pupusas del cerdo,283,12.7,28.1,1.8,14.0
cheese croissant,331,16.7,37.6,9.1,7.4
chimichanga with beef,425,19.7,42.8,0.0,19.6
french toast with butter,178,9.4,18.0,0.0,5.2
ham egg cheese sandwich,347,16.3,30.9,0.0,19.2
english muffin with butter,189,5.8,30.4,0.0,4.9
savoury noodle one pan dinner tandaco,172,1.2,5.5,0.0,0.0
ham cheese sandwich,352,15.5,33.3,0.0,20.7
sweet gefilte fish,35,0.7,3.1,0.0,3.8
poached egg,72,4.7,0.4,0.2,6.3
tostada with beef cheese,315,16.3,22.8,0.0,19.0
tostada with beans cheese,223,9.9,26.5,0.0,9.6
pork tamale,247,12.8,22.4,0.7,10.4
nachos with cheese,274,17.2,27.9,1.7,3.5
pulled pork in barbecue sauce,418,11.0,46.7,37.8,32.8
baked potato with cheese sauce,474,28.7,46.5,0.0,14.6
baked beans,310,10.3,43.3,0.0,11.1
arroz con frijoles,220,5.6,35.6,1.3,6.8
taco with beef cheese lettuce,156,8.8,13.7,0.6,6.1
burrito with beans cheese beef,165,6.6,19.8,0.0,7.3
egg mix,30,2.2,0.098,0.091,2.4
falafel,57,3.0,5.4,0.0,2.3
taco salad with chili con carne,193,8.8,17.7,0.0,11.6
wonton wrappers,93,0.5,18.5,0.0,3.1
burrito with beans cheese,379,11.2,57.8,3.2,13.6
vegetarian fillets,247,15.3,7.7,0.7,19.6
fruit burrito,231,9.5,35.0,0.0,2.5
arroz con leche,369,9.3,63.0,38.6,8.1
caramel custard flan,444,12.3,69.7,70.8,13.9
gelatin dessert,167,0.0,38.3,36.4,3.3
chocolate milk dessert,229,1.4,51.6,51.6,5.9
chocolate mousse,338,24.0,24.1,22.2,6.2
dulce de leche,60,1.4,10.5,9.5,1.3
apple crisp,454,9.7,87.0,55.5,4.9
spinach spaghetti cooked,182,0.9,36.6,0.0,6.4
corn pasta cooked,176,1.0,39.1,0.0,3.7
spaghetti with meat sauce,255,2.9,43.1,7.4,14.3
pasta with meatballs in tomato sauce,273,13.0,28.3,7.2,10.6
cheese tortellini,332,7.8,50.8,1.0,14.6
pasta with sliced franks in tomato sauce,227,6.0,32.0,8.0,11.0
lasagna,166,6.1,18.9,3.8,9.0
macaroni cheese,310,9.4,43.7,3.0,12.6
vegetable lasagna,316,13.7,32.2,5.8,15.6
spinach egg noodles cooked,211,2.5,38.8,1.1,8.1
cheese lasagna,316,13.0,33.6,10.3,15.9
pasta with tomato sauce,176,1.8,35.1,10.1,5.6
spinach pasta cooked,37,0.3,7.1,0.0,1.4
vegetable chicken soup,166,4.8,21.1,3.4,12.3
bean ham soup,198,2.5,33.5,7.8,10.3
cream of chicken soup,227,14.5,18.0,1.4,6.0
tomato soup canned,139,3.3,22.6,16.5,6.3
egg drop soup,65,1.5,10.3,0.2,2.8
scotch broth,197,6.4,23.0,0.0,12.1
cream of onion soup,268,12.8,31.7,11.1,6.7
chicken broth dry,10,0.2,1.1,0.0,0.7
vegetable soup with beef broth,162,3.8,26.3,4.0,6.0
chili with beans canned,287,14.1,30.5,3.0,14.6
beef noodle soup,168,6.2,17.9,5.2,9.6
consomme dry,17,0.2,1.9,1.1,2.2
chicken mushroom soup,126,6.1,15.1,1.0,2.0
beef vegetable soup,120,2.9,15.4,3.1,8.0
black bean soup,234,3.4,39.6,6.4,12.4
split pea soup with ham bacon,189,3.1,28.6,0.0,11.6
cream of mushroom soup,199,13.4,17.1,1.0,3.4
green pea soup,320,5.7,51.7,16.7,16.7
chicken broth soup,78,2.6,1.9,0.9,11.1
chicken mushroom chowder soup,431,23.7,38.3,0.0,16.2
chicken dumplings soup,235,13.4,14.7,1.4,13.6
chicken vegetable soup,148,5.6,17.0,3.0,7.1
turkey vegetable soup,72,3.0,8.6,2.6,3.1
wonton soup,71,0.6,11.7,0.8,4.6
beef stock,31,0.2,2.9,1.3,4.7
mushroom barley soup,186,5.5,29.3,0.0,4.6
gazpacho soup,70,0.4,6.6,2.2,10.7
beef mushroom soup,186,7.3,15.9,0.0,14.0
chicken rice soup,127,3.2,13.0,1.4,12.3
pepperpot soup,100,4.5,9.1,0.0,6.2
vegetable soup,149,4.0,24.6,7.9,4.3
chili beef soup,308,6.7,49.6,13.4,13.4
chicken soup,174,6.5,16.9,2.1,12.4
bean with frankfurters soup,188,7.0,22.0,0.0,10.0
pea soup,161,2.8,25.6,8.3,8.3
turkey soup,135,4.4,14.1,0.0,10.2
stockpot soup,201,7.8,23.1,0.0,9.8
hot sour soup,91,2.8,10.1,1.0,6.0
cheese soup,203,9.7,28.0,9.3,2.0
cream of potato soup,186,4.7,32.2,3.6,3.8
bean with bacon soup,106,2.1,16.4,0.6,5.5
fish stock,40,1.9,0.0,0.0,5.3
split pea soup with ham,381,8.9,56.2,0.0,20.7
beef broth soup,17,0.5,0.01,0.0,2.7
lentil soup with ham,139,2.8,20.2,0.0,9.3
tomato soup,98,0.7,22.5,12.2,2.2
fish broth,39,1.5,1.0,0.2,4.9
chili without beans canned,283,17.0,14.6,0.0,18.1
minestrone soup,167,5.0,22.6,3.7,8.6
clam chowder soup,154,4.4,24.5,6.8,4.4
tomato vegetable soup,54,0.8,9.9,2.4,1.9
cream of rice coup,127,0.2,28.1,0.022,2.2
cream of celery soup,181,11.2,17.7,3.4,3.3
chicken gravy,188,13.6,12.9,1.9,4.6
tomato rice soup,240,5.5,44.1,15.2,4.2
vegetable beef soup,128,2.0,9.6,0.0,18.1
tomato beef noodle soup,281,8.6,42.3,0.0,8.9
oyster stew soup,118,7.7,8.2,0.0,4.2
ramen noodle soup dry,371,13.3,53.9,1.3,8.9
chicken noodle soup,145,4.7,18.4,0.0,7.2
chicken bouillon dry,11,0.6,0.7,0.7,0.7
cream of asparagus soup,174,8.2,21.5,1.8,4.6
turkey noodle soup,139,4.0,17.3,1.0,7.8
cream of shrimp soup,181,10.4,16.5,0.0,5.6
bean with pork soup,335,11.5,44.1,7.8,15.3
chicken broth,12,0.5,1.0,0.0,1.0
beef broth powder,8,0.3,0.6,0.6,0.6
split pea soup,180,2.3,29.9,12.8,9.7
escarole soup,61,4.0,4.0,0.0,3.4
chicken stock,86,2.9,8.5,3.8,6.0
tomato bisque soup,248,5.0,47.7,0.0,4.5
shark fin soup,99,4.3,8.2,0.0,6.9
onion soup,113,3.5,16.4,6.7,7.5
chicken gumbo soup,113,2.9,16.8,4.9,5.3
crab soup,95,0.8,12.5,0.0,10.4
tripe soup,148,5.2,8.1,0.0,17.2
little india little lunch,164,10.6,2.0,0.0,0.0
original chicken sandwich chick fil a,125,5.1,0.0,0.0,0.0
sausage mcmuffin mcdonalds,383,24.2,28.2,2.2,14.6
sausage mcgriddles mcdonalds,421,24.0,42.2,15.2,11.4
crispy chicken drumstick kentucky fried chicken,70,3.0,0.0,0.0,10.6
chicken crispy drumsticks kentucky fried chicken,156,10.1,4.5,0.0,11.8
biscuit kentucky fried chicken,185,9.1,22.1,1.7,3.8
english muffin mcdonalds,97,2.3,2.9,1.5,5.7
french fries mcdonalds,378,18.1,49.8,0.2,4.0
hotdog,383,23.0,28.5,0.0,16.4
french fries burger king,207,9.2,28.6,0.4,2.4
original taco with beef cheese lettuce taco bell,158,8.8,13.7,0.6,6.1
hotdog with chili,296,13.4,31.3,0.0,13.5
chicken crispy wings kentucky fried chicken,148,10.1,5.1,0.0,9.2
egg white delight mcdonalds,250,16.0,0.0,0.0,0.0
french toast sticks burger king,73,3.7,8.7,2.1,1.3
mcchicken mcdonalds,358,17.3,36.6,4.7,13.7
nachos supreme taco bell,480,26.6,45.0,0.0,14.8
crispy chicken wing kentucky fried chicken,104,5.3,1.3,0.0,12.6
chicken strips burger king,105,5.5,7.4,0.0,6.6
crispy chicken breast kentucky fried chicken,214,6.7,0.4,0.0,38.2
sausage biscuit mcdonalds,440,29.7,31.8,2.3,11.3
sausage burrito mcdonalds,339,17.1,24.2,1.4,13.0
onion rings fried,27,1.6,2.8,0.4,0.3
onion rings burger king,379,23.0,39.7,4.9,3.5
turkey patty fried,79,5.0,4.4,0.053,3.9
crispy chicken thigh kentucky fried chicken,163,9.1,0.0,0.0,20.4
corn dog,195,9.4,21.0,5.9,6.7
chicken box mcdonalds,70,4.0,5.5,0.5,0.2
potato wedges kentucky fried chicken,379,19.8,45.0,0.0,5.4
scrambled eggs mcdonalds,98,7.5,0.9,0.1,7.7
egg mcmuffin mcdonalds,287,12.2,27.3,2.7,17.2
nachos taco bell,362,21.9,36.0,0.0,5.1
biscuit large mcdonalds,310,14.4,39.4,2.7,5.5
crispy chicken strips kentucky fried chicken,129,7.2,6.4,0.0,9.5
hotcakes mcdonalds,113,2.9,19.0,4.4,3.0
chicken crispy breast kentucky fried chicken,375,23.2,11.9,0.0,29.7
chicken mcnuggets mcdonalds,48,3.2,2.4,0.025,2.5
chips chipotle,151,7.1,2.1,2.1,0.2
biscuit mcdonalds,261,12.2,33.3,2.2,4.7
rice bowl with chicken,36,0.4,6.4,1.2,1.6
spaghetti with meatballs,200,8.2,22.9,5.8,8.7
meat ravioli canned,259,8.9,36.0,6.3,8.9
cheese ravioli canned,186,3.5,33.0,9.0,6.0
steak sandwich,459,14.1,52.0,0.0,30.3
cheeseburger burger king,380,19.7,31.5,6.0,19.4
cheeseburger mcdonalds,313,14.0,33.1,7.4,15.4
premium grilled chicken classic sandwich mcdonalds,366,8.6,44.6,10.0,28.3
premium grilled chicken club sandwich mcdonalds,493,18.0,44.3,6.4,38.3
quarter pounder mcdonalds,417,19.8,37.9,8.8,24.1
veggie burger,124,4.4,10.0,0.7,11.0
cheeseburger,292,13.2,28.7,5.9,15.0
premium grilled chicken ranch blt sandwich mcdonalds,412,10.9,44.3,10.5,33.7
filet o fish mcdonalds,378,19.6,35.4,4.9,15.1
hand breaded chicken tenders carls jr,57,2.9,0.2,0.0,0.0
grilled chicken sandwich wendys,370,8.0,0.0,0.0,0.0
sandwich with roast beef,410,13.0,44.3,0.0,28.6
hamburger burger king,258,10.4,26.5,5.5,14.7
roast beef sandwich,364,15.3,33.1,5.7,22.6
roast beef sandwich with cheese,473,18.0,45.4,0.0,32.2
hamburger,255,9.9,28.7,5.8,12.9
hamburger mcdonalds,251,9.6,28.8,5.7,12.3
pepperoni pizza dominos,308,12.6,36.0,4.2,12.7
sausage pizza,325,14.3,35.5,3.9,13.3
pepperoni pizza,313,13.2,35.5,3.6,13.0
pepperoni pizza pizza hut,269,10.9,30.3,3.5,12.3
cheese pizza pizza hut,260,10.5,30.0,3.2,11.5
cheese pizza,285,10.4,35.7,3.8,12.2
cheese pizza dominos,278,9.7,35.9,4.3,11.7
meat vegetable pizza,332,14.8,34.5,5.1,15.0
haddock cooked,135,0.8,0.0,0.0,30.0
burbot cooked,104,0.9,0.0,0.0,22.3
pollock cooked,356,3.8,0.0,0.0,75.3
whitefish cooked,265,11.6,0.0,0.0,37.7
carp cooked,275,12.2,0.0,0.0,38.9
wolffish cooked,293,7.3,0.0,0.0,53.4
snapper cooked,218,2.9,0.0,0.0,44.7
roe cooked,58,2.3,0.5,0.0,8.1
whiting cooked,84,1.2,0.0,0.0,16.9
skipjack tuna cooked,407,4.0,0.0,0.0,86.9
chum salmon cooked,474,14.9,0.0,0.0,79.5
american shad cooked,363,25.4,0.0,0.0,31.3
shark cooked,65,3.9,1.8,0.0,5.3
trout cooked,118,5.3,0.0,0.0,16.5
rainbow trout cooked,119,5.2,0.0,0.0,16.9
fish sandwich with cheese,374,19.6,35.4,4.9,15.1
jellyfish dried,21,0.8,0.0,0.0,3.2
halibut cooked,353,5.1,0.0,0.0,71.7
orange roughy cooked,30,0.3,0.0,0.0,6.4
florida pompano cooked,186,10.7,0.0,0.0,20.8
cuttlefish cooked,45,0.4,0.5,0.0,9.2
cod cooked,189,1.5,0.0,0.0,41.1
spot cooked,79,3.1,0.0,0.0,11.9
walleye pike cooked,148,1.9,0.0,0.0,30.4
salt mackerel,415,34.1,0.0,0.0,25.2
mackerel cooked,231,15.7,0.0,0.0,21.0
tilapia cooked,111,2.3,0.0,0.0,22.8
atlantic croaker fried,192,11.0,6.6,0.0,15.8
pumpkin seed sunfish cooked,42,0.3,0.0,0.0,9.2
bluefin tuna cooked,276,9.4,0.0,0.0,44.9
scup cooked,68,1.8,0.0,0.0,12.1
herring cooked,290,16.6,0.0,0.0,32.9
sheepshead cooked,234,3.0,0.0,0.0,48.4
bass cooked,91,2.9,0.0,0.0,15.0
pout cooked,279,3.2,0.0,0.0,58.4
tuna salad,383,19.0,19.3,0.0,32.9
coho salmon cooked,255,11.8,0.0,0.0,34.7
pink salmon cooked,349,12.0,0.0,0.0,56.0
sockeye salmon cooked,493,17.3,0.0,0.0,82.1
northern pike cooked,350,2.7,0.0,0.0,76.5
turbot cooked,388,12.0,0.0,0.0,65.4
surimi,28,0.3,1.9,0.0,4.3
mullet cooked,140,4.5,0.0,0.0,23.1
sea bass cooked,125,2.6,0.0,0.0,23.9
sturgeon cooked,184,7.0,0.0,0.0,28.2
fish fillet fried,211,11.2,15.4,0.0,13.3
rainbow smelt cooked,35,0.9,0.0,0.0,6.4
dolphinfish cooked,173,1.4,0.0,0.0,37.7
crayfish cooked,25,0.4,0.0,0.0,5.0
perch cooked,54,0.5,0.0,0.0,11.4
milkfish cooked,54,2.4,0.0,0.0,7.4
catfish fried,199,11.6,7.0,0.0,15.7
flounder cooked,109,3.0,0.0,0.0,19.4
fish sticks,78,4.5,6.1,0.5,3.1
monkfish cooked,27,0.6,0.0,0.0,5.3
yellowfin tuna cooked,37,0.2,0.0,0.0,8.2
ling cooked,168,1.2,0.0,0.0,36.8
eel cooked,67,4.2,0.0,0.0,6.7
salmon nuggets,60,3.3,4.0,0.0,3.6
butterfish cooked,47,2.6,0.0,0.0,5.5
caviar,42,2.9,0.6,0.0,3.9
catfish cooked,206,10.3,0.0,0.0,26.4
cusk cooked,106,0.8,0.0,0.0,23.1
sucker cooked,148,3.7,0.0,0.0,26.6
drum cooked,236,9.7,0.0,0.0,34.6
tilefish cooked,441,14.1,0.0,0.0,73.5
bluefish cooked,186,6.4,0.0,0.0,30.1
grouper cooked,238,2.6,0.0,0.0,50.2
herring kippered,87,4.9,0.0,0.0,9.8
ocean perch cooked,48,0.9,0.0,0.0,9.3
lingcod cooked,329,4.1,0.0,0.0,68.4
rockfish cooked,162,2.4,0.0,0.0,33.1
seatrout cooked,247,8.6,0.0,0.0,39.9
swordfish cooked,182,8.4,0.0,0.0,24.9
sardine canned in oil,310,17.1,0.0,0.0,36.7
anchovy canned in oil,8,0.4,0.0,0.0,1.2
sardines in tomato sauce canned,165,9.3,0.5,0.4,18.6
tuna canned,102,2.4,0.0,0.0,18.9
cod canned,328,2.7,0.0,0.0,71.0
eastern oyster canned,110,4.0,6.3,0.0,11.4
tuna canned in oil,331,14.4,0.0,0.0,47.2
wild pink salmon oceans,320,16.0,0.0,0.0,0.0
shrimp canned,128,1.7,0.0,0.0,26.1
scallops fried,64,3.2,6.4,0.0,2.6
shrimp cooked,7,0.092,0.013,0.0,1.3
clams fried,19,1.0,1.0,0.0,1.3
alaska king crab cooked,130,2.1,0.0,0.0,25.9
scallops cooked,11,0.058,0.5,0.0,2.1
squid fried,140,6.0,6.2,0.0,14.4
abalone,89,0.6,5.1,0.0,14.5
whelk cooked,78,0.2,4.4,0.0,13.5
oyster cooked,41,1.2,2.5,0.0,4.7
eastern oyster cooked,8,0.2,0.7,0.0,0.7
blue mussels cooked,344,9.0,14.8,0.0,47.6
spiny lobster cooked,233,3.2,5.1,0.0,43.0
queen crab cooked,98,1.3,0.0,0.0,20.2
dungeness crab cooked,140,1.6,1.2,0.0,28.3
shrimp fried,52,3.2,4.8,0.086,1.3
blue crab cooked,71,0.6,0.0,0.0,15.2
shrimp imitation,29,0.4,2.6,0.0,3.5
conch baked,165,1.5,2.2,0.0,33.4
scallop imitation,28,0.1,3.0,0.0,3.6
clams canned,227,2.5,9.4,0.0,38.8
lobster cooked,134,1.3,0.0,0.0,28.5
eastern oyster fried,29,1.8,1.7,0.0,1.3
octopus cooked,139,1.8,3.7,0.0,25.3
oyster fried,61,3.0,6.7,0.0,2.1
sturgeon smoked,49,1.2,0.0,0.0,8.8
chinook salmon smoked,159,5.9,0.0,0.0,24.9
cisco smoked,50,3.4,0.0,0.0,4.6
haddock smoked,33,0.3,0.0,0.0,7.1
whitefish smoked,147,1.3,0.0,0.0,31.8
red salmon sockeye filets smoked,373,12.3,0.0,0.0,65.5
eggnog,224,10.6,20.4,20.4,11.6
beer light,96,0.0,5.4,0.3,0.8
beer budweiser,12,0.0,0.9,0.0,0.1
weizenbier erdinger,220,18.0,0.0,0.0,0.0
beer light budweiser,9,0.0,0.4,0.0,0.066
beer,142,0.0,11.7,0.0,1.5
root beer,202,0.0,52.3,52.3,0.0
whiskey sour mix,26,0.072,6.3,6.3,0.051
whiskey sour,158,0.0,13.9,0.0,0.0
tequila sunrise,232,0.2,23.8,0.0,0.6
daiquiri,112,0.036,4.2,3.3,0.035
pina colada,245,2.7,32.0,31.5,0.6
whiskey,58,0.0,0.1,0.078,0.0
rum,49,0.0,0.0,0.0,0.0
vodka smirnoff,13,0.4,2.0,0.082,0.0
coffee liqueur,96,0.038,13.8,13.7,0.041
gin,53,0.0,0.0,0.0,0.0
dessert wine sweet,165,0.0,14.1,8.0,0.2
chenin blanc white wine,118,0.0,4.9,0.0,0.1
gamay red wine,115,0.0,3.5,0.0,0.1
late harvest white wine,172,0.0,20.6,0.0,0.1
gewurztraminer white wine,119,0.0,3.8,0.0,0.1
burgundy red wine,172,0.0,7.4,0.0,0.1
zinfandel red wine,129,0.0,4.2,0.0,0.1
muller thurgau white wine,112,0.0,5.2,0.0,0.1
mouvedre red wine,129,0.0,3.9,0.0,0.1
table wine,123,0.0,4.0,1.2,0.1
wine light,73,0.0,1.7,1.7,0.1
white wine,121,0.0,3.8,1.4,0.1
petite sirah red wine,125,0.0,3.9,0.0,0.1
non alcoholic wine,2,0.0,0.3,0.3,0.1
pinot noir red wine,121,0.0,3.4,0.0,0.1
pinot gris grigio white wine,122,0.0,3.0,0.0,0.1
riesling white wine,118,0.0,5.5,0.0,0.1
barbera red wine,170,0.0,5.6,0.0,0.1
lemberger red wine,118,0.0,3.6,0.0,0.1
merlot red wine,122,0.0,3.7,0.9,0.1
sangiovese red wine,126,0.0,3.9,0.0,0.1
sauvignon blanc white wine,119,0.0,3.0,0.0,0.1
syrah red wine,122,0.0,3.8,0.0,0.1
carignane red wine,370,0.0,12.0,0.0,0.4
pinot blanc white wine,119,0.0,2.9,0.0,0.1
semillon white wine,121,0.0,4.6,0.0,0.1
red wine,125,0.0,3.8,0.9,0.1
cabernet sauvignon red wine,166,0.0,5.2,0.0,0.1
muscat white wine,123,0.0,7.8,0.0,0.1
cooking wine,2,0.0,0.3,0.09,0.028
chardonnay white wine,168,0.0,4.3,1.9,0.1
claret red wine,122,0.0,4.4,0.0,0.1
rice sake,197,0.0,7.4,0.0,0.7
fume blanc white wine,121,0.0,3.3,0.0,0.1
cabarnet franc red wine,122,0.0,3.6,0.0,0.1
chocolate frosting,81,3.6,13.0,11.8,0.2
white sugar,19,0.0,5.0,4.9,0.0
egg substitute,115,0.0,4.8,4.8,24.0
agave syrup,21,0.081,5.3,4.7,0.025
splenda sweetener,336,0.0,91.2,80.3,0.0
vanilla extract,12,0.069,0.5,0.5,0.0
egg yolk dried,27,2.3,0.054,0.002,1.3
granulated sugar,16,0.0,4.2,4.2,0.0
baking chocolate,145,15.2,8.7,0.3,3.7
bakers yeast,18,0.3,3.1,0.0,1.4
fondant,106,0.009,26.4,25.2,0.0
brown sugar,16,0.0,4.1,4.1,0.024
maple sugar,42,0.061,10.9,10.2,0.036
fructose sweetener,15,0.0,4.2,3.9,0.0
saccharin sweetener,360,0.0,89.1,85.2,0.9
turbinado sugar,18,0.0,4.6,4.6,0.0
aspartame sweetener,365,0.0,89.1,80.7,2.2
egg white dried,26,0.087,0.3,0.0,5.8
baking soda,0,0.0,0.0,0.0,0.0
egg dried,30,2.2,0.047,0.05,2.4
bakers yeast dry,13,0.3,1.6,0.0,1.6
cream of tartar,8,0.0,1.8,0.0,0.0
egg substitute powder,126,3.7,6.2,6.2,15.7
gelatin powder,17,0.086,0.0,0.0,4.3
baking powder,2,0.0,1.3,0.0,0.0
egg boiled,93,6.4,0.7,0.7,7.5
millet flour,444,5.1,86.9,2.0,12.8
triticale flour,439,2.4,95.1,0.0,17.1
corn flour white,414,4.2,87.3,1.8,9.6
sorghum flour,437,4.0,93.7,2.3,9.5
cornmeal whole grain,442,4.4,93.8,0.8,9.9
safflower seed meal,97,0.7,13.8,0.0,10.1
whole grain wheat flour,408,3.0,86.4,0.5,15.9
corn flour yellow,422,4.5,89.9,0.7,8.1
corn flour whole grain,422,4.5,89.9,0.7,8.1
cottonseed flour low fat,94,0.4,10.2,0.0,14.1
sunflower seed flour,13,0.013,1.4,0.0,1.9
sesame meal,160,13.6,7.4,0.0,4.8
sesame flour low fat,94,0.5,10.0,0.0,14.2
rye flour,364,1.4,78.2,0.9,10.0
arrowroot flour,457,0.1,112.8,0.0,0.4
chickpea flour,356,6.2,53.2,10.0,20.6
wheat flour,455,1.2,95.4,0.3,12.9
cornstarch,488,0.03,116.8,0.0,0.3
carob flour,13,0.061,5.3,2.9,0.3
buckwheat flour,402,3.7,84.7,3.1,15.1
apple pie,331,15.6,46.4,0.0,3.0
apple strudel,195,8.0,29.2,18.3,2.3
chocolate snack cake,200,8.0,30.2,18.9,1.8
fruit fried pie,404,20.6,54.5,27.4,3.8
pumpkin pie,316,14.4,40.9,0.0,7.0
corn cake,35,0.2,7.5,2.1,0.7
sponge snack cake,157,4.8,26.9,15.7,1.5
danish pastry with nuts,280,16.4,29.7,16.8,4.6
chocolate cream pie,301,19.2,33.3,0.0,2.6
angel food cake,72,0.2,16.2,0.0,1.7
lemon meringue pie,362,16.4,49.7,0.0,4.8
danish pastry with cinnamon,349,16.7,46.9,0.0,4.8
cinnamon coffeecake,238,13.3,26.6,0.0,3.9
cheesecake,257,18.0,20.4,17.4,4.4
fruitcake,139,3.9,26.5,11.8,1.2
egg custard,293,12.9,31.0,31.0,14.2
mince pie,477,17.8,79.2,46.7,4.3
danish pastry with fruit,335,15.9,45.1,0.0,4.8
white cake with coconut frosting,399,11.5,70.8,64.3,4.9
danish pastry with cheese,353,24.6,28.7,0.0,5.8
blueberry pie,360,17.5,49.2,0.0,4.0
yellow cake with vanilla frosting,239,9.3,37.6,0.0,2.2
pie crust,121,8.0,10.9,0.045,1.5
cheese coffeecake,258,11.6,33.7,0.0,5.3
vanilla cream pie,350,18.1,41.1,16.0,6.0
pineapple cake,367,13.9,58.1,0.0,4.0
peach pie,262,11.7,38.5,19.0,2.2
fruit coffeecake,156,5.1,25.8,0.0,2.6
pound cake,116,6.0,14.6,0.0,1.7
pound cake bread,215,9.6,28.2,10.0,3.9
white cake,264,9.2,42.3,26.3,4.0
coffeecake with chocolate frosting,298,9.7,48.4,0.0,4.5
popcorn cake,38,0.3,8.0,0.001,1.0
baked apple pie mcdonalds,91,4.4,12.3,4.9,0.9
sponge cake,187,2.7,36.4,0.0,4.6
yellow cake,245,9.9,36.0,0.0,3.6
shortcake,98,4.0,13.7,0.0,1.7
cherry pie,486,22.0,69.3,0.0,5.0
dutch apple pie,397,15.8,61.0,30.2,3.0
chocolate cake,352,14.3,50.7,0.0,5.0
marshmallow,64,0.033,16.3,11.5,0.4
sugar apple,72,0.2,18.2,0.0,1.6
toffee,67,3.9,7.8,7.6,0.1
vanilla fudge with nuts,123,3.9,21.1,20.1,0.8
peanuts chocolate coated,21,1.3,2.0,1.5,0.5
caramel with nuts chocolate coated,66,2.9,8.5,5.8,1.3
gingerbread,263,12.1,36.4,0.0,2.9
rolo nestle,24,1.0,0.2,0.078,0.009
vanilla fudge,108,1.5,23.2,22.6,0.3
halavah,328,15.1,42.3,0.0,8.7
praline,189,10.1,23.2,21.8,1.3
fruit juice bar,67,0.089,15.6,13.5,0.9
peanut brittle,138,5.4,20.2,14.5,2.1
butterscotch,21,0.2,4.8,4.3,0.079
chocolate coffee beans,155,9.4,15.6,14.4,2.1
nougat with almonds,56,0.2,12.9,11.7,0.5
carob,135,7.8,14.1,8.5,2.0
peanut butter fudge,62,1.1,12.4,11.7,0.6
sugar coated almonds,17,0.6,2.4,2.2,0.4
chocolate coated marshmallow,118,4.7,19.0,12.5,1.1
raisins chocolate coated,390,14.8,68.4,62.2,4.1
chewing gum sugarless,5,0.013,1.9,0.0,0.0
chewing gum,11,0.032,2.9,2.0,0.0
chocolate syrup,109,0.4,25.4,19.4,0.8
chocolate fudge syrup,67,1.7,12.0,6.6,0.9
m ms milk chocolate mars,207,8.9,29.9,26.7,1.8
milk chocolate with almonds,216,14.1,21.9,18.0,3.7
chocolate fudge,70,1.8,13.0,12.4,0.4
milk chocolate with rice cereal,0,0.0,0.0,0.0,0.0
m ms peanut chocolate mars,93,4.7,10.9,9.1,1.7
dark chocolate,165,9.7,18.0,13.8,1.5
after eight mints nestle,36,1.0,6.7,5.6,0.1
milk chocolate,37,2.1,4.2,3.6,0.5
white chocolate,162,9.6,17.8,17.7,1.8
chocolate,208,14.0,24.8,21.1,1.6
twix mars,146,7.2,18.8,14.0,1.4
kit kat nestle,62,3.3,7.6,6.5,0.7
snickers mars,280,13.6,35.1,28.8,4.3
milky way mars,264,10.0,41.3,34.6,2.3
clif bar,235,4.0,44.5,21.5,10.0
gum drops,18,0.042,4.4,3.5,0.0
skittles wild berry mars,249,2.6,56.3,47.1,0.1
skittles original mars,251,2.7,56.3,47.0,0.1
skittles tropical mars,251,2.7,56.3,47.0,0.1
fruit leather,52,0.4,12.0,6.9,0.029
taffy,60,0.5,13.7,10.3,0.087
eisbonbons mac iver,23,0.0,0.0,0.0,0.0
caramels,39,0.8,7.8,6.6,0.5
hard candy,24,0.067,5.9,3.8,0.0
jellybeans,4,0.043,1.0,0.8,0.0
jellies,56,0.069,14.7,10.8,0.005
wheat germ toasted,115,3.2,14.9,2.3,8.7
crispy brown rice,124,1.1,27.5,2.9,2.3
bran flakes asda,109,0.6,0.2,0.0,0.0
amaranth cooked,251,3.9,46.0,0.0,9.3
bulgur dry,171,0.7,37.9,0.2,6.1
rice bran,373,24.6,58.6,1.1,15.8
chaptti roti indian bread,491,2.5,0.089,68.4,7.0
quinoa cooked,222,3.6,39.4,1.6,8.1
dar vida swiss original,116,3.1,0.5,0.0,0.0
teff cooked,255,1.6,50.0,0.0,9.8
oat bran cooked,88,1.9,25.1,0.0,7.0
buckwheat cooked,155,1.0,33.5,1.5,5.7
millet puffed,74,0.7,16.8,0.1,2.7
popcorn oil popped,64,4.8,5.0,0.027,0.8
kamut cooked,251,1.6,52.4,0.0,11.1
wheat bran,125,2.5,37.4,0.2,9.0
cheese popcorn,58,3.7,5.7,0.0,1.0
raisin bran crunch kelloggs,90,0.5,21.2,9.0,1.9
couscous cooked,176,0.3,36.5,0.2,6.0
multigrain cheerios general mills,4,0.005,1.0,0.2,0.038
bulgur cooked,151,0.4,33.8,0.2,5.6
popcorn air popped,31,0.4,6.2,0.086,1.0
spelt cooked,246,1.6,51.3,0.0,10.7
popcorn unpopped,106,1.2,20.9,0.3,3.1
whole wheat cooked,150,1.0,33.2,0.2,4.8
wheat sprouted,214,1.4,45.9,0.0,8.1
whole wheat dry,96,0.6,21.1,0.1,3.1
caramel popcorn,122,3.6,22.4,15.1,1.1
wheat puffed,44,0.1,9.6,0.0,1.8
roggenmischbrot sonnenblumenkerne aldi,82,3.1,0.0,0.0,0.0
wheat germ,112,3.0,16.1,0.0,7.2
microwave popcorn,465,26.3,49.8,0.3,7.3
millet cooked,207,1.7,41.2,0.2,6.1
honey cereali general mills,104,2.0,3.0,0.0,0.0
barley cooked,193,0.7,44.3,0.4,3.5
oats,39,0.7,6.6,0.0,1.7
quinoa dry,221,3.6,38.5,0.0,8.5
wheat shredded,155,1.0,36.2,0.4,5.2
cattail,5,0.0,1.0,0.074,0.2
peanut granola bar,116,5.7,15.0,8.2,2.4
vanilla bluberry bar kind,49,1.4,0.9,0.096,0.0
coconut granola bar,150,9.1,15.6,9.7,1.5
almond granola bar,119,6.1,14.9,0.0,1.8
chocolate chip granola bar,105,3.9,17.3,0.0,1.8
fruit granola bar,82,0.2,18.6,13.3,1.4
granola bar,99,4.2,13.5,6.0,2.1
peanut bar,209,13.5,19.0,16.9,6.2
milk cereal bar,103,2.7,18.0,11.5,1.6
almond rice bar,128,5.7,18.1,0.0,2.0
fruit nut squares,55,1.3,10.3,6.4,0.3
rice wheat cereal bar,90,2.0,16.0,7.0,2.0
crisped rice bar,113,3.8,20.4,0.0,1.4
rice pilaf cooked,352,8.8,61.1,0.6,7.0
wild rice cooked,166,0.6,35.0,1.2,6.5
congee with pork shrimp and squid plus egg,178,0.3,0.0,0.0,0.0
white rice pasta cooked,246,5.7,43.3,0.0,5.1
rice crisps,107,0.4,24.1,2.3,1.8
instant white rice cooked,193,0.8,41.4,0.0,3.6
rice cracker cake,111,1.2,23.0,0.2,2.0
parboiled white rice cooked,194,0.6,41.2,0.2,4.6
white rice steamed,199,0.4,44.7,0.0,4.2
brown rice cake,35,0.3,7.3,0.047,0.7
glutinous white rice cooked,169,0.3,36.7,0.078,3.5
brown rice cooked,218,1.6,45.8,0.7,4.5
beef flavored rice cooked,319,7.9,54.4,0.0,7.0
white rice cooked,205,0.4,44.5,0.015,4.3
chicken flavored rice cooked,317,8.0,54.8,1.5,6.2
cheese imitation,441,36.2,1.1,1.1,28.3
cheshire cheese,110,8.7,1.4,0.0,6.6
monterey cheese,421,34.2,0.8,0.6,27.7
edam cheese,107,8.3,0.4,0.0,7.5
fontina cheese,420,33.6,1.7,1.7,27.6
monterey cheese low fat,350,24.4,0.8,0.6,31.9
colby cheese,445,36.3,2.9,0.6,26.8
american cheese,93,7.9,0.9,0.6,4.5
blue cheese,106,8.6,0.7,0.2,6.4
nectarine,66,0.5,15.8,11.8,1.6
kiwifruit gold,51,0.2,12.8,10.0,0.8
pineapple,45,0.1,11.8,8.9,0.5
rowan,253,4.6,54.5,32.1,5.2
muscadine grapes,3,0.056,0.8,0.0,0.014
heidelbeeren jutro,17,0.2,0.4,0.0,0.0
prunes stewed,316,0.7,83.2,0.0,3.4
tangerine,40,0.2,10.1,8.0,0.6
prunes,237,0.5,62.3,0.0,2.6
lemon peel,1,0.002,0.3,0.054,0.032
banana,134,0.5,34.3,18.3,1.6
raspberries,5,0.034,1.2,0.4,0.1
apricot,17,0.1,3.9,3.2,0.5
kiwifruit green,42,0.4,10.1,6.2,0.8
figs,37,0.2,9.6,8.1,0.4
clementine,35,0.1,8.9,6.8,0.6
orange,86,0.2,21.6,17.2,1.7
bartlett pear,112,0.3,26.6,17.2,0.7
red white currants,63,0.2,15.5,8.3,1.6
blueberries,84,0.5,21.4,14.7,1.1
mulberries,6,0.049,1.5,1.2,0.2
java plum,2,0.029,0.5,0.0,0.034
prune puree,46,0.02,11.7,7.0,0.4
applesauce,102,0.2,27.5,22.9,0.4
plum,30,0.2,7.5,6.5,0.5
american grapes,2,0.087,0.4,0.4,0.035
peach,59,0.4,14.3,12.6,1.4
honeydew melon,64,0.2,16.1,14.4,1.0
yellow plantain fried,399,12.7,68.9,36.8,2.4
rose hips,206,0.4,48.5,3.3,2.0
lemons,17,0.2,5.4,1.5,0.6
lime,20,0.1,7.1,1.1,0.5
pomegranate,117,1.6,26.4,19.3,2.4
gooseberries,66,0.9,15.3,0.0,1.3
asian pear,51,0.3,13.0,8.6,0.6
abiyuch,157,0.2,40.1,19.5,3.4
horned melon kiwano,92,2.6,15.8,0.0,3.7
fruit walnut salad mcdonalds,312,13.3,43.8,32.9,4.8
grapefruit,53,0.2,13.3,8.6,1.0
japanese persimmon,118,0.3,31.2,21.1,1.0
wild raspberries,81,0.4,18.0,7.2,1.5
pink lady apple,18,0.1,3.9,0.0,0.1
maraschino cherries,8,0.083,2.1,1.9,0.06
black currants,71,0.5,17.2,0.0,1.6
plantain cooked,179,0.3,48.0,21.6,1.2
crab apple,84,0.3,21.9,0.0,0.4
pom potes materne,19,0.2,0.2,0.068,0.0
apple,95,0.3,25.1,18.9,0.5
cantaloupe melon,60,0.3,14.4,13.9,1.5
prickly pear cooked,7,0.043,1.6,0.0,0.091
guava,37,0.5,7.9,4.9,1.4
japanese persimmon dried,93,0.2,25.0,0.0,0.5
watermelon,86,0.4,21.6,17.7,1.7
elderberries,106,0.7,26.7,0.0,1.0
kumquat,13,0.2,3.0,1.8,0.4
orange peel,6,0.017,1.5,0.0,0.093
pokeberry shoots cooked,33,0.7,5.1,2.6,3.8
breadfruit,227,0.5,59.7,24.2,2.4
pear,101,0.2,27.1,17.4,0.6
sour cherries,52,0.3,12.5,8.7,1.0
blackberries frozen,97,0.6,23.7,16.1,1.8
cherries,5,0.056,1.3,1.0,0.068
plantain fried,16,0.6,2.6,0.2,0.023
carambola starfruit,26,0.3,5.7,3.4,0.9
chayote cooked,35,0.8,7.2,0.0,1.0
apple dippers mcdonalds,33,0.0,8.2,6.3,0.0
white grapefruit,78,0.2,19.8,17.3,1.6
cherimoya,176,1.6,41.6,30.2,3.7
melon balls,57,0.4,13.7,0.0,1.5
golden delicious apple,62,0.2,14.8,10.9,0.3
cranberries,21,0.014,5.4,1.9,0.2
quince,52,0.012,14.1,0.0,0.4
orange with peel,100,0.5,24.6,0.0,2.1
chokecherries,249,2.6,51.8,14.4,4.7
mango,202,1.3,50.3,45.9,2.8
wild plum,147,0.3,35.3,17.1,0.7
jeijoa,148,1.0,37.0,19.9,1.7
groundcherries,74,1.0,15.7,0.0,2.7
pesca,30,0.1,0.0,0.0,0.0
persimmon,32,0.1,8.4,0.0,0.2
grapes,3,0.044,0.9,0.8,0.045
rambutan canned,175,0.4,44.7,0.0,1.4
figs canned,14,0.039,3.8,3.2,0.1
prunes canned,246,0.5,65.1,0.0,2.0
pineapples canned,28,0.05,7.4,6.8,0.2
prune plums canned,27,0.075,7.0,6.5,0.2
tangerines canned,92,0.1,23.8,22.1,1.5
fruit cocktail canned,109,0.053,28.1,25.7,1.1
sour cherries canned,189,0.3,48.6,0.0,1.9
mangosteen canned,143,1.1,35.1,0.0,0.8
apricot juice,117,0.07,30.1,26.2,1.5
peach canned,110,0.094,28.9,25.7,1.6
fruit salad canned,125,0.008,32.5,0.0,1.3
gooseberries canned,184,0.5,47.3,0.0,1.6
grapefruit canned,88,0.2,22.3,21.4,1.4
pear canned,38,0.001,9.8,7.4,0.3
raspberries canned,233,0.3,59.8,51.4,2.1
papaya canned,80,0.2,21.8,20.4,0.001
grapes canned,98,0.3,25.2,23.8,1.2
apple dried,145,0.2,39.1,34.0,0.6
peach dried,199,0.6,50.8,43.8,3.0
plantain chips,150,8.4,18.1,0.3,0.6
golden raisins,498,0.8,131.2,97.7,5.6
raisins seeded,488,0.9,129.5,0.0,4.2
zante currants dried,408,0.4,106.7,96.9,5.9
pear dried,94,0.2,25.1,22.4,0.7
raisins,90,0.056,23.8,19.6,1.0
prune plums dried,308,0.5,81.5,0.0,2.7
cranberries dried,370,1.6,98.8,78.0,0.053
figs dried,21,0.008,5.4,4.0,0.3
longans dried,5,0.091,1.3,0.0,0.027
banana chips,147,9.5,16.5,10.0,0.7
lychee dried,7,0.003,1.8,1.7,0.01
apricot dried,17,0.015,4.4,3.7,0.2
longan,2,0.076,0.5,0.0,0.009
mamey sapote,217,0.8,56.2,35.2,2.5
waxgourd cooked,19,0.4,4.3,2.1,0.7
jackfruit,33,0.2,8.1,6.7,0.6
loquats,9,0.071,2.4,0.0,0.09
mammy apple mamey,431,4.2,105.8,0.0,4.2
nance,82,1.3,19.0,9.3,0.7
prickly pear,42,0.5,9.9,0.0,0.8
lychee,6,0.016,1.6,1.5,0.024
naranjilla lulo pulp,30,0.3,7.1,4.5,0.5
coconut meat dried,187,18.3,6.7,2.1,1.9
surinam cherry pitanga,2,0.059,0.5,0.0,0.045
passion fruit,17,0.1,4.2,2.0,0.4
sapodilla,141,1.9,33.9,0.0,0.7
pummelo,48,0.06,12.0,0.0,1.0
soursop,149,0.7,37.9,30.5,2.3
papaya,62,0.4,15.7,11.3,0.7
acerola cherry,2,0.052,0.4,0.0,0.079
ohelo berries,39,0.3,9.6,0.0,0.5
loganberries,81,0.5,19.1,11.3,2.2
casaba melon,48,0.2,11.2,9.7,1.9
durian,51,1.9,9.5,0.0,0.5
pasilla peppers dried,24,1.1,3.6,0.0,0.9
parsley dried,1,0.096,0.3,0.073,0.1
ancho pepper dried,48,1.4,8.7,0.0,2.0
coriander seeds,5,0.3,1.0,0.0,0.2
dill weed dried,253,4.4,55.8,0.0,20.0
borage,19,0.6,2.7,0.0,1.6
epazote,0,0.06,0.094,0.0,0.059
chives dried,1,0.055,0.1,0.0,0.013
thyme fresh,1,0.068,0.2,0.0,0.091
butterbur,4,0.2,0.5,0.0,0.1
wasabi root,142,0.8,30.6,0.0,6.2
rosemary dried,4,0.2,0.8,0.0,0.081
ginger root,2,0.028,0.4,0.019,0.068
white pepper,7,0.0,1.6,0.0,0.2
cloves ground,6,0.3,1.4,0.028,0.1
paprika,19,0.9,3.7,0.7,1.0
mace ground,25,1.7,2.7,0.0,0.4
bay leaf,2,0.042,0.4,0.0,0.086
eppaw,150,1.8,31.7,0.0,4.6
tarragon dried,2,0.047,0.3,0.0,0.1
ginger ground,6,0.043,1.3,0.067,0.2
savory ground,4,0.029,1.0,0.0,0.074
black pepper,6,0.006,1.5,0.08,0.2
spearmint fresh,3,0.089,0.5,0.0,0.2
poultry seasoning,14,0.3,2.9,0.1,0.4
nutmeg ground,12,0.8,1.1,0.6,0.1
curry powder,20,0.9,3.7,0.2,0.8
peppermint,1,0.004,0.2,0.0,0.038
salt,0,0.0,0.0,0.0,0.0
coriander leaves dried,2,0.098,0.3,0.045,0.1
sage ground,2,0.046,0.4,0.052,0.058
garlic powder,10,0.029,2.3,0.068,0.5
dill weed fresh,4,0.063,0.6,0.0,0.3
cardamom,6,0.1,1.4,0.0,0.2
saffron,2,0.092,0.5,0.0,0.071
allspice ground,5,0.2,1.4,0.0,0.1
parsley fresh,1,0.078,0.2,0.001,0.1
oregano dried,265,4.3,68.9,4.1,9.0
marjoram dried,5,0.1,1.0,0.077,0.2
fireweed leaves,24,0.6,4.4,0.0,1.1
rosemary fresh,1,0.1,0.1,0.0,0.005
garlic,4,0.026,0.9,0.043,0.2
cinnamon ground,6,0.044,2.1,0.066,0.1
chervil dried,5,0.002,0.9,0.0,0.4
cayenne pepper,1,0.094,0.2,0.089,0.039
turmeric ground,8,0.2,1.4,0.062,0.2
mustard,3,0.2,0.3,0.048,0.2
chili powder,8,0.4,1.3,0.2,0.4
thyme dried,276,7.4,63.9,1.7,9.1
spearmint dried,1,0.018,0.3,0.0,0.094
basil dried,2,0.027,0.3,0.054,0.2
dandelion greens cooked,35,0.6,6.7,1.7,2.1
basil fresh,2,0.089,0.2,0.064,0.2
dock,29,0.9,4.3,0.0,2.7
garden cress cooked,31,0.8,5.1,4.2,2.6
onion powder,8,0.024,1.9,0.2,0.2
yokan,36,0.022,8.5,0.0,0.5
fava beans cooked,187,0.7,33.4,3.1,12.9
chickpeas canned,352,7.0,57.0,0.0,17.8
yellow beans cooked,255,1.9,44.7,0.0,16.2
mung beans cooked,212,0.8,38.7,4.0,14.2
white beans canned,299,0.8,55.5,0.8,19.0
pink beans cooked,252,0.8,47.2,0.6,15.3
snap beans cooked,44,0.4,9.9,1.9,2.4
edamame cooked,189,8.1,13.8,3.4,18.5
black eyed cowpeas cooked,160,0.6,33.5,5.3,5.2
hyacinth beans cooked,227,1.1,40.2,0.0,15.8
cowpeas canned,185,1.3,32.7,0.0,11.4
pinto beans cooked,245,1.1,44.8,0.6,15.4
winged beans cooked,253,10.0,25.7,0.0,18.3
lima beans canned,190,0.4,35.9,0.0,11.9
snap beans canned,66,0.4,15.4,0.0,3.5
navy beans canned,296,1.1,53.6,0.7,19.7
black turtle beans cooked,241,0.6,45.0,0.6,15.1
white beans cooked,249,0.6,44.9,0.6,17.4
cranberry beans cooked,241,0.8,43.3,0.0,16.5
lentils cooked,230,0.8,39.9,3.6,17.9
baked beans canned,239,0.9,53.7,20.2,12.1
cranberry beans canned,216,0.7,39.3,0.0,14.4
black beans cooked,227,0.9,40.8,0.0,15.2
lima beans cooked,216,0.7,39.3,5.5,14.7
fava beans canned,182,0.6,31.8,0.0,14.0
yellow snap beans canned,36,0.2,8.4,0.0,1.9
pigeon peas cooked,203,0.6,39.1,0.0,11.4
navy beans cooked,255,1.1,47.4,0.7,15.0
cowpeas cooked,81,0.4,14.5,2.3,5.4
mothbeans cooked,207,1.0,37.1,0.0,13.8
french beans cooked,228,1.3,42.5,0.0,12.5
adzuki beans cooked,294,0.2,57.0,0.0,17.3
catjang cowpeas cooked,200,1.2,34.7,0.0,13.9
baby lima beans cooked,189,0.5,35.0,2.5,12.0
shellie beans canned,74,0.5,15.2,1.5,4.3
pinto beans canned,197,1.3,36.4,2.4,11.0
chickpeas cooked,269,4.2,45.0,7.9,14.5
mungo beans cooked,189,1.0,33.0,3.6,13.6
tamarinds,5,0.013,1.3,0.8,0.057
yellow snap beans cooked,44,0.4,9.9,4.5,2.4
yardlong beans cooked,202,0.8,36.1,0.0,14.2
bacon beef steak,146,12.5,0.2,0.2,8.2
bacon,106,10.2,0.2,0.2,3.3
scrapple,60,3.9,4.0,0.063,2.3
chicken nuggets,61,4.1,3.0,0.039,3.2
meat extender,275,2.6,33.7,0.0,33.5
lamb loin cooked,202,14.8,0.0,0.0,16.1
chicken patty,172,11.7,7.7,0.0,8.9
barbecue loaf,40,2.0,1.5,0.0,3.6
poultry salad,26,1.8,1.0,0.0,1.5
sausage patty mcdonalds,115,11.2,0.4,0.1,4.3
lamb foreshank cooked,360,19.9,0.0,0.0,42.0
ham salad,97,7.0,4.8,0.0,3.9
mutton cooked,66,3.1,0.027,0.0,9.5
beef stick,110,9.9,1.1,0.0,4.3
veal rib cooked,444,22.2,0.0,0.0,57.4
veal meat cooked,483,23.8,0.0,0.0,62.9
beef rib roasted,238,19.1,0.0,0.0,15.4
beef top loin filet grilled,323,19.0,0.8,0.0,37.0
ground beef cooked,375,24.8,0.0,0.0,35.5
beef diced asda,48,0.7,10.5,0.054,0.0
corned beef canned,53,3.1,0.0,0.0,5.7
sirloin steak,324,14.1,0.0,0.0,49.5
mock tender steak cooked,137,4.9,0.0,0.0,21.9
beef round steak cooked,385,12.1,0.0,0.0,64.8
beef top blade cooked,184,10.0,0.0,0.0,21.9
corned beef cooked,53,4.0,0.006,0.0,3.8
beef shoulder steak grilled,155,5.8,0.0,0.0,24.0
porterhouse steak cooked,235,16.4,0.0,0.0,20.4
beef meat canned,111,7.9,0.0,0.0,9.2
beef mince meat asda,55,3.1,6.8,0.054,0.0
pastrami beef fat free,9,0.1,0.1,0.0,1.9
beef tenderloin steak cooked,374,24.0,0.0,0.0,37.0
cured beef dried,4,0.019,0.06,0.006,0.9
beef flank steak cooked,380,17.5,0.0,0.0,51.8
veal loin cooked,80,4.9,0.0,0.0,8.5
veal shoulder cooked,435,19.4,0.0,0.0,61.2
veal shank cooked,371,12.0,0.0,0.0,61.2
pastrami beef,104,4.1,0.3,0.08,15.5
beef top sirloin steak cooked,430,25.2,0.0,0.0,47.7
beef jerky,82,5.1,2.2,1.8,6.6
beef breakfast strips cooked,51,3.9,0.2,0.0,3.5
pork olive loaf,66,4.6,2.6,0.0,3.3
beef luncheon meat jellied,31,0.9,0.0,0.0,5.3
turkey pastrami,38,1.8,0.5,1.0,4.6
pork salami,41,3.4,0.2,0.0,2.3
honey loaf,85,3.6,2.6,2.6,9.9
pork beef salami,37,3.1,0.076,0.008,2.1
beef pork bologna,92,7.4,1.6,1.3,4.6
pork beef salami cooked,41,3.2,0.3,0.1,2.7
pickle pimiento loaf,86,6.1,3.2,3.2,4.3
luxury loaf,39,1.3,1.4,0.0,5.2
mortadella,47,3.8,0.5,0.0,2.5
pork bologna,69,5.6,0.2,0.0,4.3
turkey salami cooked,9,0.5,0.081,0.063,1.0
pepperoni beef,10,0.9,0.0,0.0,0.5
peppered loaf,42,1.8,1.3,1.3,4.9
luncheon meat beef,10,0.3,0.0,0.0,1.8
lebanon bologna,98,6.0,0.3,0.0,10.8
chicken pork bologna,94,8.6,1.2,0.0,2.9
turkey roll,40,1.9,0.6,0.0,4.9
beef salami cooked,68,5.8,0.5,0.4,3.3
yachtwurst cooked,150,12.7,0.8,0.0,8.3
italian salami,43,3.7,0.1,0.1,2.2
turkey ham,38,1.6,0.3,0.1,5.5
turkey bologna,59,4.5,1.3,0.8,3.2
sliced turkey breast,17,0.6,0.4,0.1,2.4
luncheon meat pork beef,99,9.0,0.7,0.0,3.5
beef bologna,90,7.8,1.3,0.6,3.3
turkey bacon cooked,313,22.9,2.5,0.0,24.3
ground emu cooked,178,5.1,0.0,0.0,31.0
ground bison cooked,448,21.6,0.0,0.0,63.6
ostrich tip cooked,123,2.2,0.0,0.0,24.2
caribou cooked,210,6.4,0.0,0.0,38.0
ground ostrich cooked,163,6.6,0.0,0.0,24.3
ostrich leg cooked,120,1.6,0.0,0.0,24.7
ostrich top loin cooked,132,3.3,0.0,0.0,23.9
ostrich strip cooked,139,3.6,0.0,0.0,25.0
veal brain cooked,461,32.6,0.0,0.0,38.9
beef heart cooked,47,1.3,0.057,0.0,8.1
turkey liver cooked,100,4.3,0.0,0.0,14.3
veal thymus cooked,35,0.9,0.0,0.0,6.4
beef tripe cooked,80,3.4,1.7,0.0,10.0
chicken gizzard cooked,223,3.9,0.0,0.0,44.1
beef tongue cooked,80,6.3,0.0,0.0,5.5
lamb heart cooked,353,15.1,3.7,0.0,47.7
beef spleen cooked,447,12.9,0.0,0.0,77.3
veal kidneys cooked,300,10.4,0.0,0.0,48.4
chicken heart cooked,268,11.5,0.1,0.0,38.3
veal heart cooked,368,13.4,0.3,0.0,57.7
chicken liver cooked,76,2.8,0.5,0.0,11.3
veal spleen cooked,445,10.0,0.0,0.0,83.1
turkey gizzard cooked,70,2.1,0.0,0.0,11.9
lamp spleen cooked,460,14.1,0.0,0.0,78.1
turkey heart cooked,35,1.5,0.0,0.0,5.0
beef liver cooked,130,3.6,3.5,0.0,19.8
lamb lungs cooked,431,11.8,0.0,0.0,75.7
goose liver,125,4.0,5.9,0.0,15.4
pork kidneys cooked,211,6.6,0.0,0.0,35.6
pork heart cooked,215,7.3,0.6,0.0,34.2
lamb kidneys cooked,349,9.2,2.5,0.0,60.3
beef lungs cooked,364,11.2,0.0,0.0,61.8
beef kidneys cooked,45,1.3,0.0,0.0,7.7
turkey giblets cooked,164,6.3,0.0,0.0,25.1
veal liver cooked,154,5.0,3.0,0.0,22.7
pork lungs cooked,297,9.3,0.0,0.0,49.8
veal lungs cooked,312,7.9,0.0,0.0,56.2
ham,46,2.5,1.0,0.3,4.6
pork meat cooked,283,14.1,0.0,0.0,14.1
bacon roasted,43,3.3,0.1,0.0,3.0
pork stomach cooked,44,2.1,0.029,0.0,6.1
honey smoked ham cooked,67,1.3,4.0,0.0,9.9
pork sirloin chops cooked,140,4.5,0.0,0.0,23.3
ham patties,205,18.3,1.1,0.0,8.3
pork feet cooked,67,4.5,0.0,0.0,6.2
pork centre loin chops cooked,328,17.4,0.0,0.0,40.2
pork leg cap steak cooked,307,8.6,0.0,0.0,53.5
pork splean cooked,446,9.6,0.0,0.0,84.3
chopped ham,50,2.9,1.2,0.0,4.6
pork blade chops cooked,265,14.6,1.1,0.0,32.4
boston butt steak cooked,494,32.7,0.0,0.0,46.4
pork boston steaks cooked,438,28.1,0.0,0.0,43.2
bacon cooked,43,3.1,0.068,0.0,3.5
pickled pork hocks,48,3.0,0.0,0.0,5.4
canadian style bacon grilled,43,2.0,0.3,0.0,5.7
ham steak,70,2.4,0.0,0.0,11.1
bacon baked,44,3.5,0.1,0.0,2.9
pork top loin chops cooked,270,11.2,0.0,0.0,39.4
pork chitterlings cooked,66,5.8,0.0,0.0,3.5
pork breakfast strips cooked,52,4.1,0.1,0.0,3.3
minced ham,55,4.3,0.4,0.0,3.4
ham roasted,316,21.3,0.6,0.0,28.7
ham extra lean,45,2.3,0.6,0.0,5.1
pork shoulder cooked,394,28.9,0.0,0.0,31.4
pork skin,154,8.9,0.0,0.0,17.3
pork country style ribs cooked,235,15.2,0.0,0.0,22.8
pork tenderloin cooked,153,6.2,0.0,0.0,22.7
pork loin cooked,213,12.1,0.0,0.0,24.2
pork ears cooked,184,12.0,0.2,0.0,17.7
ham patties grilled,205,18.5,1.0,0.0,8.0
chicken wing cooked,52,3.5,0.0,0.0,4.8
turkey roast roasted,209,7.8,4.1,0.0,28.8
chicken back cooked,93,6.5,0.0,0.0,8.0
chicken leg fried,431,25.5,13.8,0.0,34.4
turkey steak fried,179,10.8,10.9,0.0,9.1
turkey taco meat cooked,271,13.9,5.5,0.0,30.7
chicken neck cooked,94,6.9,0.0,0.0,7.5
chicken drumstick fried,193,11.3,6.0,0.0,15.8
quail egg,14,1.0,0.08,0.048,1.2
duck meat cooked,472,39.7,0.0,0.0,26.6
chicken wing roasted,216,14.3,0.0,0.0,20.2
goose meat cooked,427,30.7,0.0,0.0,35.2
chicken breast cooked,114,4.5,0.0,0.0,17.3
duck egg,130,9.6,1.0,0.7,9.0
turkey meat roasted,284,11.1,0.031,0.0,42.8
ground chicken cooked,474,27.4,0.0,0.0,58.4
turkey wing cooked,426,23.1,0.0,0.0,50.9
chicken fajita strips,13,0.5,0.2,0.0,1.7
crispy chicken strips tyson,145,6.0,0.0,0.0,0.0
chocolate pudding fat free,105,0.3,23.6,17.8,2.2
tapioca pudding,143,4.3,23.9,16.4,2.1
tapioca pudding fat free,105,0.4,23.9,15.9,1.6
rice pudding,122,2.4,20.8,13.1,3.6
corn pudding,328,12.6,42.4,16.5,11.1
chocolate pudding,213,6.9,34.5,25.8,3.1
lemon pudding,173,4.4,30.2,0.0,4.1
vanilla pudding,195,5.7,33.9,25.5,2.2
profeel proteiinirahka valio,140,0.4,19.3,0.2,175.0
cottage cheese creamed,20,0.9,0.7,0.5,2.2
zaziki milfina,51,4.4,0.0,0.0,0.0
cottage cheese low fat,163,2.3,6.1,6.1,28.0
cottage cheese nonfat,104,0.4,9.7,2.7,15.0
vanilla yogurt low fat,208,3.1,33.8,33.8,12.1
classique yogurt plain 2 liberte,30,1.2,1.7,1.7,3.3
vanilla yogurt,145,2.1,23.5,23.5,8.4
chocolate yogurt,168,0.0,35.3,22.5,5.3
yogurt parfait,125,1.5,23.6,17.4,5.0
yogurt,92,4.9,7.0,7.0,5.2
chocolate frozen yogurt,221,6.3,37.6,33.5,5.2
frozen yogurt,221,6.3,37.6,34.7,5.2
yogurt low fat,154,3.8,17.2,17.2,12.9
vanilla yoghurt oikos,120,1.8,0.0,0.0,0.0
fruit yogurt,149,1.7,28.0,28.0,6.0
danone low fat alsafi,88,1.7,0.089,255.0,0.0
fruit n yogurt parfait mcdonalds,156,1.9,30.9,19.1,4.1
triple zero greek yogurt dannon oikos,120,0.0,22.5,6.0,0.038
greek yogurt,100,0.7,6.1,5.5,17.3
chocolate rasberry protein mini proteinfx,102,2.9,0.0,0.0,0.0
gushers fruit gushers,360,6.0,0.2,0.0,0.0
egg fried,90,6.8,0.4,0.2,6.3
sports drink,26,0.0,7.2,0.0,0.0
peanut butter cookie protein syntha 6,200,6.0,5.0,0.0,0.0
hanfprotein pulver rohkostqualitat veganz,107,3.1,14.2,0.057,0.0
smoothie high protein creamy chocolate slimfast,110,3.5,2.1,1.0,12.0
egg large,138,9.3,0.0,0.0,0.0
boysenberries frozen,66,0.3,16.1,9.1,1.5
malt beverage,88,0.3,19.1,19.1,0.5
chocolate powder for milk,88,0.5,19.9,18.0,1.0
vegetable fruit juice,9,0.017,2.2,0.6,0.071
cocoa powder unsweetened,12,0.7,3.1,0.087,1.1
coconut milk,35,3.6,0.8,0.5,0.3
cocoa powder,28,0.3,5.9,4.6,0.5
rice drink,113,2.3,22.0,12.7,0.7
coconut water,46,0.5,8.9,6.3,1.7
caramel med iced coffee dunkin donuts,268,9.0,0.0,0.0,0.0
instant coffee with water decaffeinated,4,0.0,0.8,0.0,0.2
instant coffee powder,353,0.5,75.4,0.0,12.2
instant coffee powder decaffeinated,6,0.069,1.4,0.0,0.2
instant cappuccino powder,53,0.7,11.2,9.0,0.4
coffee decaffeinated,0,0.0,0.0,0.0,0.2
espresso decaffeinated,3,0.011,0.5,0.0,0.065
instant coffee with water,4,0.0,0.6,0.0,0.2
coffee,2,0.069,0.0,0.0,0.3
espresso,3,0.086,0.5,0.0,0.021
whey protein powder vanilla eas,108,1.7,0.0,0.0,0.0
energy drink sugar free red bull,13,0.2,1.8,0.0,0.6
powerade coca cola,9,0.009,2.3,1.8,0.0
amp energy pepsi,110,0.2,29.0,29.0,0.6
gatorade g2 pepsi,2,0.052,0.6,0.4,0.069
amp energy sugar free pepsi,5,0.0,2.5,0.0,0.0
energy drink red bull,111,0.0,26.4,26.4,1.2
powerade zero ion4 coca cola,0,0.0,0.0,0.0,0.0
full throttle coca cola,110,0.2,29.0,29.0,0.6
passion fruit juice purple,148,0.4,35.7,35.2,1.7
pomegranate juice,134,0.7,32.7,31.5,0.4
cranberry apricot juice,157,0.0,39.7,0.0,0.5
pineapple juice,133,0.3,32.2,25.0,0.9
passion fruit juice yellow,126,0.1,33.6,33.1,1.0
orange apricot juice,128,0.3,31.8,30.2,0.8
tangerine juice,106,0.5,24.9,24.5,1.2
orange juice,90,0.4,20.8,16.8,1.4
grapefruit juice,96,0.2,22.7,0.0,1.2
pineapple grapefruit juice,118,0.3,29.0,28.8,0.5
tamarind nectar,143,0.3,37.0,31.9,0.2
apple juice,114,0.3,28.0,23.9,0.2
limeade,128,0.0,34.1,32.8,0.0
guava nectar,158,0.2,40.8,32.5,0.2
orange grapefruit juice,106,0.2,25.4,25.1,1.5
orange juice sainsburys,14,0.088,0.0,0.0,0.0
cranberry apple juice,154,0.3,38.8,35.5,0.0
pineapple orange juice,125,0.0,29.5,29.0,3.3
pear nectar,150,0.062,39.4,0.0,0.3
blackberry juice,95,1.5,19.5,19.3,0.8
lemon juice,54,0.6,16.6,6.1,0.9
cranberry grape juice,137,0.2,34.3,0.0,0.5
citrus fruit juice,114,0.057,28.3,20.2,0.8
prune juice,182,0.006,44.7,42.1,1.6
guanabana nectar,148,0.4,37.5,32.8,0.3
fruit juice,108,0.1,26.3,24.2,0.3
horchata,15,0.2,3.3,2.6,0.1
fruit punch,98,0.4,24.4,0.0,0.2
apricot nectar,139,0.2,35.7,34.2,0.9
orangensaft ja,86,0.0,1.4,0.024,0.0
fruchtcocktail granini,102,0.4,1.0,0.0,0.0
peach nectar,125,1.3,29.7,27.8,0.5
orange pineapple juice,15,0.08,3.6,3.1,0.1
cranberry juice,92,0.3,24.4,24.2,0.8
white grapefruit juice,96,0.2,22.7,22.5,1.2
mango nectar,128,0.2,32.9,31.2,0.3
acerola cherry juice,56,0.7,11.6,10.9,1.0
apple juice concentrate,350,0.8,86.5,81.9,1.1
papaya nectar,143,0.4,36.3,34.8,0.4
apple juice martinellis,122,0.0,0.0,0.0,0.0
lime juice,61,0.2,20.4,4.1,1.0
grape juice,152,0.3,37.4,35.9,0.9
water dannon,0,0.0,0.0,0.0,0.0
tap water,0,0.0,0.0,0.0,0.0
table water,0,0.0,0.0,0.0,0.0
fruit flavored water,52,0.0,13.0,13.0,0.0
water,0,0.0,0.0,0.0,0.0
cola light coca cola,0,0.0,0.0,0.0,0.0
lemon lime soda,151,0.0,38.4,37.6,0.3
tonic water,114,0.0,29.6,29.6,0.0
lemonade low calorie,7,0.0,1.6,0.0,0.092
ginger ale,68,0.0,17.5,17.4,0.0
ice tea lemon flavor nestle,88,0.0,22.3,22.3,0.0
sprite coca cola,80,0.063,20.3,18.0,0.1
cola coca cola,151,0.0,38.9,38.9,0.0
cola,74,0.07,19.1,17.9,0.1
cream soda,252,0.0,65.7,65.7,0.0
club soda,0,0.0,0.0,0.0,0.0
pink lemonade,86,0.3,21.6,20.6,0.1
grape soda,160,0.0,41.7,0.0,0.0
cola without caffeine coca cola,151,0.0,38.9,38.9,0.0
white lemonade,80,0.003,20.8,20.0,0.1
chocolate soda,207,0.0,52.6,52.6,0.0
sweet tea lipton,130,0.0,35.0,35.0,0.0
hibiscus tea,74,1.3,14.8,12.0,0.9
instant lemon tea,2,0.0,0.3,0.047,0.1
pesca tea santal,116,0.0,0.0,0.0,0.0
instant lemon tea sweetened,91,0.2,22.3,21.6,0.071
tea with milk and sugar yorkshire,15,0.5,0.4,0.0,0.0
tea blueberry muffin tekanne,4,0.2,0.4,0.007,0.0
chamomile tea,2,0.0,0.4,0.0,0.0
black tea,2,0.0,0.7,0.0,0.0
herb tea,2,0.0,0.4,0.0,0.0
clam tomato juice,80,0.3,18.2,5.5,1.0
tomato juice,41,0.7,8.6,6.3,2.1
vegetable juice,53,0.2,11.1,7.9,1.5
tomato vegetable juice,53,0.2,11.1,9.2,1.5
carrot juice,80,0.3,18.6,7.8,1.9
acorn dried,144,8.9,15.2,0.0,2.3
fenugreek seeds,36,0.7,6.5,0.0,2.6
peanut topping mcdonalds,181,15.0,4.6,1.2,7.9
beechnuts dried,173,15.0,10.1,0.0,1.9
cumin seeds,8,0.5,0.9,0.063,0.4
hazelnuts roasted,194,18.7,5.3,1.5,4.5
lupins cooked,193,4.8,15.4,0.0,25.8
hazelnuts blanched,178,17.3,4.8,1.0,3.9
brazilnuts dried,33,3.3,0.6,0.1,0.7
sunflower seeds dry roasted,47,4.0,1.9,0.2,1.5
ginkgo nuts canned,172,2.5,34.3,0.0,3.5
sunflower seeds dried,269,23.7,9.2,1.2,9.6
lotus seeds dried,106,0.6,20.6,0.0,4.9
sesame seeds dried,52,4.5,2.1,0.031,1.6
breadfruit seeds,57,1.7,8.8,0.0,2.2
pinyon pine nuts dried,1,0.073,0.01,0.0,0.083
flaxseeds,55,4.3,3.0,0.2,1.9
safflower seed kernels dried,146,10.9,9.7,0.0,4.6
poppy seeds,46,3.7,2.5,0.3,1.6
dill seeds,20,1.0,3.6,0.0,1.1
almonds roasted,182,16.6,5.3,1.4,6.4
chestnuts cooked,37,0.4,7.9,0.0,0.6
alfalfa seeds,1,0.075,0.002,0.058,0.1
virginia peanuts roasted,173,14.6,6.0,0.0,7.8
anise seeds,7,0.3,1.1,0.0,0.4
macadamia nuts roasted,215,22.8,4.0,1.2,2.3
studentenfutter alnatura,139,7.8,13.2,11.7,3.1
pumpkin squash seeds roasted,46,3.9,1.2,0.1,2.4
chestnuts roasted,37,0.3,7.9,1.6,0.5
peanuts roasted,180,15.8,4.6,1.3,8.4
sisymbrium seeds,235,3.4,43.1,0.0,9.0
chia seeds dried,138,8.7,11.9,0.0,4.7
japanese chestnuts roasted,57,0.2,12.8,0.0,0.8
sesame seeds toasted,45,3.8,2.1,0.0,1.4
cashew nuts roasted,174,14.3,9.0,1.5,5.1
mustard seeds ground,10,0.7,0.6,0.1,0.5
mixed nuts roasted,178,15.4,7.6,1.4,5.2
salat mix alestro,61,5.2,2.4,0.0,0.0
pistachio nuts roasted,172,13.7,8.5,2.3,6.3
walnut,33,3.3,0.7,0.1,0.8
celery seeds,25,1.6,2.7,0.078,1.2
woca seeds dried,102,0.3,22.6,0.1,2.2
pecans roasted,215,22.6,3.9,1.2,2.8
fennel seeds,7,0.3,1.0,0.0,0.3
chinese chestnuts roasted,68,0.3,14.8,0.0,1.3
pectin,163,0.2,45.2,0.0,0.2
black walnut dried,31,3.0,0.5,0.018,1.2
water chestnut canned,70,0.015,17.2,3.4,1.2
ginkgo nuts dried,98,0.6,20.5,0.0,2.9
valencia peanuts roasted,177,15.4,4.9,0.0,8.1
nesfit diet cereal nestle,75,0.0,0.0,0.0,0.0
corn grits cooked,182,1.2,37.9,0.3,4.4
amaranth flakes,134,2.7,27.0,0.2,5.9
granola,293,14.6,32.3,11.9,8.2
muesli with fruit nuts,231,3.4,45.7,14.2,4.3
muesli master crumble,124,2.4,4.5,0.042,2.4
bran flakes,131,0.8,32.2,7.4,4.0
nut cereal,245,5.9,46.2,17.2,4.0
corn flakes,108,0.3,24.6,2.2,1.7
corn grits dry,36,0.2,7.7,0.008,0.7
margarine with yoghurt,88,9.8,0.073,0.0,0.058
sunflower seed butter,99,8.8,3.7,1.7,2.8
hazelnut oil,120,13.6,0.0,0.0,0.0
cod liver fish oil,123,13.6,0.0,0.0,0.0
sardine oil,123,13.6,0.0,0.0,0.0
cupu assu oil,120,13.6,0.0,0.0,0.0
lard,115,12.8,0.0,0.0,0.0
sesame butter,94,8.1,3.8,0.0,2.9
margarine spread,59,6.7,0.1,0.0,0.082
lard vegetable oil,115,12.8,0.0,0.0,0.0
shortening,113,12.8,0.0,0.0,0.0
vegetable oil spread,75,8.4,0.1,0.0,0.007
cottonseed oil,120,13.6,0.0,0.0,0.0
vegetable oil spread fat free,6,0.5,0.4,0.0,0.2
soy margarine,88,9.9,0.0,0.0,0.0
margarine with salt,100,11.3,0.017,0.0,0.031
margarine,102,11.5,0.018,0.0,0.037
salmon fish oil,123,13.6,0.0,0.0,0.0
almond butter,98,8.9,3.0,0.7,3.4
sour cream shoprite,60,5.0,1.0,0.014,0.0
ucuhuba butter oil,120,13.6,0.0,0.0,0.0
chicken fat,115,12.8,0.0,0.0,0.0
herring fish oil,123,13.6,0.0,0.0,0.0
bacon grease,39,4.3,0.0,0.0,0.0
turkey fat,45,5.0,0.0,0.0,0.0
beef tallow,115,12.8,0.0,0.0,0.0
goose fat,45,5.0,0.0,0.0,0.0
duck fat,44,5.0,0.0,0.0,0.0
mutton tallow,45,5.0,0.0,0.0,0.0
grapeseed oil,120,13.6,0.0,0.0,0.0
almond oil,120,13.6,0.0,0.0,0.0
sunflower oil,120,13.6,0.0,0.0,0.0
cashew butter,94,7.9,4.4,0.8,2.8
canola oil,124,14.0,0.0,0.0,0.0
teaseed oil,120,13.6,0.0,0.0,0.0
avocado oil,124,14.0,0.0,0.0,0.0
vegetable palm kernel oil,117,13.6,0.0,0.0,0.0
coconut oil,117,13.6,0.0,0.0,0.0
safflower oil,120,13.6,0.0,0.0,0.0
vegetable oil,120,13.6,0.0,0.0,0.0
apricot kernel oil,40,4.5,0.0,0.0,0.0
peanut oil,119,13.5,0.0,0.0,0.0
poppyseed oil,120,13.6,0.0,0.0,0.0
flaxseed oil,120,13.6,0.0,0.0,0.086
wheat germ oil,120,13.6,0.0,0.0,0.0
sesame oil,40,4.5,0.0,0.0,0.0
corn granola oil,124,14.0,0.0,0.0,0.0
cocoa butter oil,120,13.6,0.0,0.0,0.0
olive oil,119,13.5,0.0,0.0,0.0
palm kernel oil,40,4.5,0.0,0.0,0.0
mustard oil,124,14.0,0.0,0.0,0.0
rice bran oil,120,13.6,0.0,0.0,0.0
vegetable macaroni dry,308,0.9,62.9,0.0,11.0
chow mein noodles,257,9.9,37.5,0.5,5.9
chinese noodles,456,0.094,111.9,0.0,0.2
vegetable macaroni cooked,172,0.1,35.7,1.5,6.1
corn pasta dry,375,2.2,83.2,0.0,7.8
egg noodles dry,146,1.7,27.1,0.7,5.4
whole wheat spaghetti dry,98,0.4,21.2,0.0,4.1
japanese soba noodles dry,95,0.2,21.1,0.0,4.1
rice noodles dry,103,0.2,23.6,0.0,1.0
spinach spaghetti dry,105,0.4,21.2,0.8,3.8
egg noodles cooked,110,1.7,20.1,0.3,3.6
japanese somen noodles cooked,231,0.3,48.5,0.0,7.0
whole wheat macaroni dry,365,1.5,78.8,0.0,15.4
pasta marinara and ground beef sauce,41,1.6,4.1,1.0,2.5
spaghetti dry,105,0.4,21.1,0.8,3.7
fusilli cucina,100,0.4,3.4,0.041,0.0
japanese somen noodles dry,101,0.2,21.0,0.0,3.2
pasta cooked,301,2.4,57.3,0.0,11.8
macaroni cooked,221,1.3,43.2,0.8,8.1
spinach egg noodles dry,145,1.7,26.7,0.0,5.6
japanese soba noodles cooked,113,0.1,24.4,0.0,5.8
rice noodles cooked,190,0.4,42.3,0.052,3.2
whole wheat macaroni cooked,174,0.8,37.2,1.1,7.5
spaghetti cooked,363,2.1,71.0,1.3,13.3
whole wheat spaghetti cooked,174,0.8,37.2,1.1,7.5
waffle,218,10.6,24.7,0.0,5.9
baked taco shell,61,2.7,8.3,0.2,0.8
blueberry muffin,214,9.2,30.2,17.9,2.6
bread crumbs,427,5.7,77.7,6.7,14.4
warm cinnamon roll mcdonalds,113,5.1,15.0,7.0,2.0
corn muffin,201,5.5,33.7,11.7,3.9
tortilla,467,1.9,98.4,5.4,14.3
croutons seasoned,186,7.3,25.4,1.8,4.3
buttermilk waffle,102,3.1,16.0,1.5,2.4
flour tortilla,146,3.7,24.1,1.3,3.9
glazed donut,55,3.0,6.2,3.0,0.8
corn tortilla,52,0.7,10.7,0.2,1.4
muffin,169,6.5,23.6,0.0,3.9
croutons,33,0.5,5.9,0.0,1.0
donut with jelly filling,289,15.9,33.2,17.9,5.0
sweet cinnamon rolls,309,13.6,42.2,26.3,5.1
oat bran muffin,46,1.3,8.2,1.4,1.2
french cruller donut,169,7.5,24.4,14.4,1.3
pancakes,86,3.7,10.8,0.0,2.4
chocolate donut,250,11.9,34.4,19.2,2.7
sweet cheese rolls,238,12.1,28.8,0.0,4.7
eclair,234,19.2,11.2,2.0,4.4
donut with cream filling,307,20.8,25.5,12.4,5.4
fruit toaster pastry,209,5.6,37.1,14.8,2.4
donut,192,10.3,22.9,0.0,2.3
pancakes whole wheat,92,2.9,12.9,0.0,3.7
keikitos,196,10.6,22.3,10.8,2.9
zwieback,30,0.7,5.2,0.9,0.7
chocolate coated donut,81,4.5,9.2,4.8,0.9
waffle toasted,103,3.2,16.3,1.7,2.4
cinnamon toaster pastry,206,7.1,34.1,0.0,2.6
wheat bran bread,89,1.2,17.2,3.5,3.2
white bread,77,1.0,14.3,1.6,2.6
oat bran bread,71,1.3,11.9,2.3,3.1
whole wheat bread natures own,50,1.0,0.0,0.0,0.0
high protein bread dr zaks,152,3.0,15.3,0.6,0.0
wheat bread,79,1.3,13.8,1.7,3.1
egg bread toasted,117,2.4,19.5,0.7,3.9
butter toastbrot ja,66,0.9,2.0,0.4,0.0
vienna bread toasted,93,0.6,18.0,1.0,3.8
vienna bread,92,0.6,18.1,0.8,3.8
protein bread,47,0.4,8.3,0.3,2.3
banana bread,186,6.0,31.1,0.0,2.5
rice bran bread,66,1.2,11.7,1.3,2.4
white fibre wonder bread,95,1.0,18.0,2.0,3.5
focaccia,142,4.5,20.4,1.0,5.0
oat bran bread toasted,70,1.3,11.8,2.3,3.1
rye bread,83,1.1,15.5,1.2,2.7
wheat germ bread,73,0.8,13.5,1.0,2.7
protein bread toasted,46,0.4,8.2,0.2,2.2
oatmeal bread,73,1.2,13.1,2.2,2.3
arepa,215,5.3,36.4,0.9,5.4
raisin bread toasted,86,1.4,16.5,1.8,2.5
cracked wheat bread,74,1.1,14.0,0.0,2.5
garlic bread,151,7.1,17.9,1.6,3.6
rye bread toasted,82,1.0,15.4,1.2,2.7
whole wheat bread,128,2.5,23.6,1.8,3.9
whole wheat bread toasted,128,2.5,23.7,1.8,3.9
pan dulce bread,231,7.3,35.5,7.9,5.9
rice bran bread toasted,66,1.3,11.8,1.3,2.4
pita bread whole wheat,74,0.7,15.4,0.2,2.7
wheat germ bread toasted,73,0.8,13.6,1.0,2.7
pumpernickel bread,65,0.8,12.4,0.1,2.3
white bread toasted,83,1.1,15.4,1.3,2.5
piki bread,109,2.0,20.2,0.4,2.5
wheat bread toasted,75,1.0,13.4,1.5,3.1
pita bread,165,0.7,33.4,0.8,5.5
potato bread,85,1.0,15.1,3.0,4.0
egg bread,115,2.4,19.1,0.7,3.8
oatmeal bread toasted,73,1.2,13.2,2.2,2.3
cheese bread,196,10.0,21.5,1.0,5.0
pumpernickel bread toasted,80,1.0,15.1,0.2,2.8
raisin bread,88,1.4,16.7,1.8,2.5
pumpernickel roll,77,0.8,14.8,0.1,3.0
cinnamon raisin bagel,71,0.4,14.4,1.6,2.5
english muffin,127,1.1,25.5,0.9,5.0
rye dinner roll,123,1.5,22.8,0.5,4.4
english muffin whole wheat,134,1.4,26.7,5.3,5.8
dinner roll whole wheat,74,1.3,14.3,2.4,2.4
dinner roll,76,1.8,12.9,0.5,2.4
hotdog roll,117,1.6,21.1,3.1,4.1
bagel,245,1.5,47.9,6.0,10.0
oat bran bagel,176,0.8,36.8,1.1,7.4
pain au chocolat de la boulangerie,235,12.0,0.0,0.0,0.0
egg bagel,72,0.5,13.8,0.0,2.8
english muffin toasted,140,1.1,27.4,1.8,5.4
english muffin whole wheat toasted,135,1.4,26.9,5.4,5.9
biscuit,357,16.5,45.0,2.2,7.1
french roll,105,1.6,19.1,0.1,3.3
oat bran dinner roll,78,1.5,13.3,2.2,3.1
pecan shortbread cookies,76,4.6,8.2,0.0,0.7
oatmeal cookies,113,4.5,17.2,6.2,1.6
chocolate wafers,485,15.9,81.1,33.2,7.4
vanilla wafers low fat,353,12.2,58.9,30.0,4.0
chocolate chip cookies mcdonalds,136,6.4,18.7,9.6,1.6
gingersnap cookies,29,0.7,5.4,1.4,0.4
biscotti abbracci mulino bianco,54,2.6,0.8,0.051,0.4
chocolate chip cookie,63,2.8,9.3,5.3,0.5
brownie,243,9.8,38.3,22.0,2.9
shortbread cookies,40,1.9,5.2,1.2,0.5
oatmeal cookies with raisins,65,2.4,10.3,0.0,1.0
peanut butter sandwich cookies,67,3.0,9.2,5.0,1.2
sugar cookies,72,3.2,10.2,5.7,0.8
chocolate covered graham crackers,68,3.2,9.3,5.8,0.8
raisin cookies,60,2.0,10.2,7.1,0.6
vanilla wafers,28,1.2,4.3,0.0,0.3
graham crackers,355,8.5,64.5,26.1,5.8
peanut butter cookies,95,4.8,11.8,0.0,1.8
vanilla sandwich cookie,72,3.0,10.8,5.9,0.7
sugar wafers with creme filling,51,2.3,7.1,4.3,0.4
cheese puffs,197,12.8,18.6,1.1,2.1
saltine crackers,13,0.3,2.2,0.063,0.3
trail mix,139,8.8,13.5,0.0,4.1
corn cones,144,7.6,17.8,0.0,1.6
chocolate pretzels,50,1.8,7.8,0.0,0.8
french toast sticks,73,3.8,8.9,2.1,1.3
crackers,82,4.2,9.8,1.3,1.1
sesame sticks,54,3.7,4.7,0.084,1.1
cheese crackers,34,1.6,4.2,0.3,0.8
oriental rice cracker mix,143,7.2,14.6,0.8,4.9
breadsticks,103,2.4,17.1,0.3,3.0
milk crackers,50,1.7,7.7,1.8,0.8
matzo crackers whole wheat,98,0.4,22.1,0.0,3.7
matzo crackers with egg,109,0.6,22.0,0.0,3.4
granola bites,23,0.9,3.3,1.5,0.4
crackers whole wheat,120,4.0,19.5,0.3,3.0
soft pretzels,389,3.6,79.8,0.3,9.4
corn tostada shell,58,2.9,7.9,0.0,0.8
matzo crackers,111,0.4,23.4,0.098,2.8
sesame crunch,9,0.6,0.9,0.6,0.2
cracker meal,440,2.0,93.0,0.4,10.7
puffed rice,153,0.2,34.1,0.0,2.4
filinchen gutena,19,0.2,0.5,0.028,0.4
melba toast crackers,117,1.0,23.0,0.3,3.6
matzo crackers with egg onion,109,1.1,21.6,0.0,2.8
cornnuts,126,4.4,20.3,0.2,2.4
pretzels,115,0.9,24.1,0.7,3.0
gatto di patate home made,202,9.4,4.0,3.6,0.0
baked potato,161,0.2,36.6,2.0,4.3
potato sticks,188,12.4,19.2,0.006,2.4
potato cooked,52,0.006,12.1,0.5,1.1
vivaldi potatoes sainsburys,23,0.1,0.0,0.0,0.0
potato ham chowder soup,192,12.5,13.4,0.0,6.5
russet potato baked,290,0.4,64.1,3.2,7.9
french fries,13,0.4,2.2,0.088,0.2
potato scalloped,216,9.0,26.4,0.0,7.0
cottage fries,11,0.4,1.9,0.019,0.2
mashed potatoes,215,6.8,35.5,1.2,4.0
mashed potato with milk and butter,237,8.9,35.3,3.0,3.9
potato pancake,59,3.2,6.1,0.4,1.3
potato puffs,243,11.0,35.5,0.3,2.6
red potato baked,74,0.1,16.7,1.2,2.0
potatoes canned,132,0.3,29.7,0.0,3.6
shoestring french fries,4,0.1,0.7,0.062,0.099
hash brown potato,144,9.0,15.3,0.3,1.4
baked chips lays,130,2.0,0.0,0.0,0.0
corn chips,162,10.0,17.2,0.031,1.9
nacho cheese tortilla chips low fat,90,1.0,18.5,0.8,2.4
corn chips unsalted,490,29.4,50.5,1.2,5.8
sweet chilli kettle baked chips,99,2.2,2.1,0.4,2.0
taro chips,11,0.6,1.6,0.04,0.049
onion snacks,150,6.8,19.5,1.4,2.3
yuca cassava chips,9,0.4,1.2,0.006,0.054
tortilla chips low fat,117,1.6,22.6,0.2,3.1
potato chips,161,10.4,15.9,0.007,2.1
tortilla chips,142,6.2,20.3,0.2,2.1
sweet potato chips,149,9.1,15.9,2.5,0.8
nacho cheese tortilla chips,156,8.2,18.2,0.8,2.2
vegetable chips,134,6.6,17.1,1.1,1.5
pita chips,137,4.6,20.5,1.4,3.5
chili pepper sauce red,3,0.089,0.6,0.4,0.1
creamy ranch sauce mcdonalds,132,14.7,1.0,1.0,0.3
catsup,19,0.066,4.5,3.7,0.2
chili pepper sauce green,3,0.032,0.8,0.4,0.1
red wine vinegar,3,0.0,0.011,0.0,0.055
fish sauce,6,0.013,0.7,0.7,0.9
coleslaw dressing reduced fat,56,3.4,6.8,6.6,0.0
sour dressing,21,2.0,0.6,0.6,0.4
guava sauce cooked,86,0.3,22.6,14.0,0.8
pizza sauce,136,2.9,21.8,9.5,5.5
sweetn sour sauce mcdonalds,48,0.3,11.0,10.0,0.2
nance syrup,4,0.002,0.8,0.6,0.028
french dressing reduced fat,37,2.2,4.7,4.6,0.072
peppercorn dressing,76,8.2,0.5,0.3,0.2
sorghum syrup,61,0.0,15.7,15.7,0.0
ranch dressing fat free,17,0.3,3.7,0.7,0.039
caesar dressing low calorie,17,0.7,2.8,2.4,0.028
sweet sour dressing,2,0.0,0.6,0.6,0.082
mayonnaise imitation fat free,13,0.4,2.5,1.6,0.043
sofrito,488,37.5,11.2,0.0,26.4
turkey gravy instant,27,1.0,3.9,0.5,0.8
teriyaki sauce,16,0.015,2.8,2.5,1.1
tomato sauce,59,0.7,13.0,8.7,2.9
barbecue sauce kraft,28,0.053,6.5,5.2,0.1
cranberry sauce sweetened,418,0.4,107.8,105.0,0.6
coleslaw dressing,62,5.3,3.8,3.2,0.1
onion gravy dry,77,0.7,16.2,0.0,2.2
corn syrup light,62,0.09,16.9,16.9,0.0
bacon tomato dressing,49,5.3,0.3,0.3,0.3
pancake syrup,53,0.075,13.9,8.4,0.0
balsamic vinegar,14,0.0,2.7,2.4,0.041
ranch dressing reduced fat,29,1.9,3.2,0.6,0.2
barbecue sauce mcdonalds,46,0.3,10.3,9.6,0.4
vinegar oil dressing,72,8.0,0.4,0.4,0.0
poppyseed dressing,66,5.5,4.0,3.9,0.2
honey mustard dressing,70,6.1,3.5,2.4,0.1
french dressing fat free,21,0.024,5.1,2.6,0.01
vinegar,3,0.0,0.089,0.063,0.0
spray dressing,13,0.9,1.3,1.1,0.07
honey mustard dressing fat free,25,0.2,5.8,2.7,0.2
mushroom gravy,119,6.4,13.0,0.0,3.0
white sauce,368,26.6,22.9,11.0,9.6
marinara pasta sauce,129,3.9,19.9,14.5,3.7
tomato sauce with mushrooms,86,0.3,20.7,14.1,3.6
pork gravy powder,25,0.6,4.3,1.7,0.6
beef gravy,123,5.5,11.2,0.5,8.7
green goddess dressing,64,6.5,1.1,1.0,0.3
salsa con queso,358,23.8,27.9,4.9,7.9
cocktail sauce,19,0.2,4.2,1.8,0.2
worcestershire sauce,13,0.0,3.3,1.7,0.0
barbecue sauce,29,0.1,6.9,5.7,0.1
tomato sauce with onions,103,0.5,24.4,0.0,3.8
brown gravy dry,22,0.6,3.6,0.0,0.6
blue cheese dressing light,14,0.4,2.1,0.6,0.3
spanish tomato sauce,81,0.7,17.7,0.0,3.5
oyster sauce,9,0.066,2.0,0.0,0.2
cheese sauce,30,2.2,0.8,0.033,1.5
hoisin sauce,35,0.5,7.1,4.4,0.5
pickle relish,20,0.061,5.3,4.4,0.097
tomato sauce with herbs cheese,144,4.7,25.0,0.0,5.2
french dressing,73,7.2,2.5,2.6,0.1
mayonnaise hellmanns,15,1.7,0.087,0.2,0.0
canadian maple syrup,76,0.0,19.1,17.0,0.0
maple syrup,52,0.047,13.4,13.6,0.09
barbecue sauce bulls eye,27,0.1,6.4,5.6,0.1
ranch dressing,65,6.7,0.9,0.7,0.2
tomato ketchup mp,15,0.0,0.2,0.0,0.0
mayonnaise light,36,3.3,1.4,0.5,0.032
mayonnaise dressing,103,11.7,0.066,0.093,0.0
malt syrup,67,0.0,15.0,15.0,1.3
gravy dry,86,2.0,14.5,0.0,3.3
cranberry orange relish,490,0.3,127.1,0.0,0.8
caesar dressing,80,8.5,0.5,0.4,0.3
italian dressing,35,3.1,1.8,1.6,0.032
brown gravy instant,25,0.8,4.0,0.6,0.6
roquefort cheese dressing,15,1.1,0.4,0.4,0.8
blue cheese dressing,71,7.7,0.7,0.5,0.2
duck sauce,80,0.063,19.7,9.9,0.1
au jus,38,0.5,5.9,0.0,2.8
corn syrup dark,57,0.0,15.5,15.5,0.0
buttermilk dressing light,30,1.9,3.2,0.6,0.2
cider vinegar,3,0.0,0.1,0.018,0.0
tartar sauce,32,2.5,2.0,0.6,0.2
pepper hot sauce,1,0.018,0.031,0.065,0.024
tomato chili sauce,6,0.095,1.2,0.6,0.2
turkey gravy dry,26,0.5,4.6,0.0,0.7
salsa sauce,5,0.039,1.2,0.7,0.3
steak sauce,16,0.004,3.7,1.7,0.2
molasses,58,0.068,14.9,14.9,0.0
italian dressing fat free,7,0.1,1.2,1.2,0.1
plum sauce,35,0.2,8.1,0.0,0.2
chow mein stir fry master foods,26,0.2,0.0,0.0,0.0
beef gravy instant,25,0.6,4.1,1.6,0.7
horseradish,2,0.085,0.6,0.4,0.003
grenadine,54,0.0,13.4,9.3,0.0
tabasco sauce,1,0.002,0.006,0.067,0.045
sweet sour sauce,26,0.084,6.7,3.3,0.02
salsa verde,6,0.1,1.0,0.5,0.2
miso,40,1.2,5.1,1.2,2.6
sprouted soybean cooked,76,4.2,6.1,0.4,8.0
soy flour roasted,375,18.6,28.6,6.5,29.6
soy flour low fat,330,7.8,30.7,9.3,40.0
green soybean cooked,127,5.8,9.9,0.0,11.1
azumaya tofu vitasoy,316,16.6,9.1,1.6,32.8
soy proteins isolate,96,1.0,2.1,0.0,22.8
tofu yogurt,246,4.7,41.8,3.2,9.2
bacon meatless,446,42.5,9.1,0.0,15.4
meatless chicken fried,304,16.6,11.1,0.0,27.7
soymilk,109,4.8,8.4,6.1,7.1
soy vermicelli,463,0.1,115.2,24.4,0.1
tofu fried,35,2.6,1.2,0.4,2.4
tempeh,320,17.9,15.6,0.0,30.8
koyadofu,81,5.2,1.7,0.0,8.9
meatless meatloaf,110,5.0,4.5,0.7,11.8
soya vanille joghurt alpro,21,0.6,1.0,0.09,0.3
soybean curd cheese,340,18.2,15.5,3.6,28.1
soy sauce,8,0.054,0.8,0.097,1.3
soybean dry roasted,419,20.1,30.4,0.0,36.8
soybean oil,120,13.6,0.0,0.0,0.0
meatless chicken,376,21.4,6.1,0.0,39.7
soybean cooked,296,15.4,17.1,5.2,28.6
soymilk nonfat,68,0.046,10.1,8.9,6.0
soy flour,23,1.1,1.8,0.4,1.8
soybean lecithin oil,104,13.6,0.0,0.0,0.0
soy chips,109,2.1,15.0,0.5,7.5
soy proteins concentrate,93,0.1,7.2,0.0,18.0
soybean margarine,34,3.8,0.043,0.0,0.052
chocolate soymilk nonfat,107,0.046,20.7,8.9,6.0
okara,93,2.1,15.3,0.0,3.9
meatless meatballs,284,13.0,11.5,1.8,30.2
vanilla soymilk,131,4.3,15.3,9.7,7.9
soymilk low fat,104,1.5,17.5,8.5,4.0
tempeh cooked,55,3.2,2.6,0.0,5.1
vanilla soymilk light,83,2.1,9.4,1.0,6.4
chocolate soymilk,153,3.7,24.2,19.1,5.5
soy oil,120,13.6,0.0,0.0,0.0
natto,169,8.8,11.5,3.9,14.2
gourd cooked,100,0.6,25.5,9.2,1.2
napa cabbage cooked,13,0.2,2.4,0.0,1.2
kelp,2,0.067,0.5,0.069,0.07
jute cooked,32,0.2,6.3,0.9,3.2
red lettuce,4,0.08,0.6,0.1,0.4
broccoli cooked,98,1.1,20.1,3.9,6.7
lemongrass citronella,5,0.076,1.2,0.0,0.038
pumpkin cooked,49,0.2,12.0,5.1,1.8
celery cooked,7,0.098,1.5,0.9,0.3
serrano pepper,2,0.075,0.4,0.2,0.1
sweet potato leaves cooked,22,0.2,4.7,3.5,1.4
eggplant cooked,33,0.2,8.1,3.2,0.8
asparagus cooked,3,0.074,0.6,0.2,0.4
rutabaga cooked,72,0.4,16.4,9.5,2.2
sour pickles,17,0.3,3.5,1.6,0.5
turnip greens cooked,29,0.3,6.3,0.8,1.6
jerusalem artichokes,110,0.047,26.2,14.4,3.0
chrysanthemum cooked,20,0.036,4.3,2.0,1.6
oriental radish dried,314,0.8,73.5,43.3,9.2
tomatillos,42,1.3,7.7,5.2,1.3
leeks dried,10,0.026,2.4,0.0,0.5
sweet red peppers cooked,19,0.1,4.5,3.2,0.7
cucumber peeled,16,0.2,2.9,1.8,0.8
peas onions cooked,81,0.4,15.5,6.8,4.6
tomato cooked,22,0.1,4.9,3.1,1.2
taro shoots cooked,20,0.1,4.5,0.0,1.0
sweet pickles,146,0.7,33.8,29.2,0.9
oriental radish cooked,25,0.4,5.0,2.7,1.0
irishmoss,2,0.049,0.6,0.098,0.037
drumstick leaves cooked,25,0.4,4.7,0.4,2.2
chicory greens,7,0.096,1.4,0.2,0.5
spinach cooked,41,0.5,6.8,0.8,5.3
radish pickled,42,0.5,7.8,3.0,1.7
sweet onion,106,0.3,25.0,16.6,2.6
salsify cooked,92,0.2,20.7,3.9,3.7
radish seeds sprouted,16,1.0,1.4,0.0,1.4
red cabbage cooked,49,0.2,11.8,5.6,2.6
hot chile pepper dried,2,0.054,0.3,0.2,0.054
indian squash cooked,38,0.4,7.6,4.7,0.7
poi,269,0.3,65.4,0.9,0.9
sesbania flower cooked,22,0.007,5.3,0.0,1.2
acorn squash cooked,115,0.3,29.9,0.0,2.3
cauliflower cooked,29,0.6,5.1,2.6,2.3
crookneck squash cooked,34,0.7,6.8,4.5,1.9
laver seaweed,1,0.012,0.1,0.071,0.2
mountain yam cooked,119,0.1,29.0,0.0,2.5
arrowhead,12,0.084,2.4,0.0,0.6
japanese cabbage,45,0.2,8.5,2.0,2.4
mung bean sprouts cooked,24,0.1,4.5,3.5,2.5
scallop squash cooked,29,0.3,5.9,2.7,1.9
pumpkin leaves cooked,15,0.2,2.4,0.5,1.9
hungarian pepper,8,0.1,1.8,1.0,0.2
sweet potato baked,103,0.2,23.6,7.4,2.3
yam bean jicama,49,0.1,11.5,2.3,0.9
olives,10,0.9,0.5,0.0,0.09
mustard greens cooked,36,0.7,6.3,2.0,3.6
pumpkin flowers cooked,20,0.1,4.4,3.2,1.5
tree fern cooked,57,0.096,15.3,0.0,0.4
endive,9,0.1,1.7,0.1,0.6
wakame,36,0.5,7.3,0.5,2.4
chinese cabbage pak choi cooked,20,0.3,3.0,1.4,2.7
agar,1,0.058,0.3,0.005,0.053
watercress,4,0.006,0.4,0.099,0.8
beet greens cooked,39,0.3,7.9,0.9,3.7
winter squash cooked,76,0.7,18.1,6.8,1.8
okra,4,0.082,0.9,0.2,0.2
yautia tannier,132,0.5,31.9,0.0,2.0
mustard spinach cooked,29,0.4,5.0,0.0,3.1
rhubarb cooked,278,0.1,74.9,68.9,0.9
baby zucchini,2,0.089,0.3,0.0,0.3
romanesco cooked,39,0.4,7.7,0.0,3.7
amaranth leaves,6,0.075,1.1,0.0,0.7
seaweed dry,52,0.3,9.2,0.0,3.1
yam cooked,158,0.2,37.4,0.7,2.0
corn dried,119,3.0,18.8,6.0,4.1
cucumber,23,0.2,5.4,2.5,1.0
arrowroot,78,0.2,16.1,0.0,5.1
bamboo shoots cooked,14,0.3,2.3,0.0,1.8
green tomato,42,0.4,9.3,7.3,2.2
savoy cabbage cooked,41,0.2,9.2,0.0,3.1
witloof chicory,9,0.031,2.1,0.0,0.5
turnips cooked,34,0.1,7.9,4.7,1.1
dried tomatoes,5,0.053,1.1,0.8,0.3
radicchio,15,0.2,2.9,0.4,0.9
mixed vegetables cooked,118,0.3,23.8,5.7,5.2
yellow tomato,32,0.6,6.3,0.0,2.1
cardoon cooked,26,0.1,6.4,0.0,0.9
drumstick pods cooked,42,0.2,9.7,0.0,2.5
lentil sprouts,82,0.4,17.0,0.0,6.9
red chili peppers,18,0.2,4.0,2.4,0.8
fennel,73,0.5,17.1,0.0,2.9
sweet corn white,63,0.9,13.9,2.4,2.4
brussels sprouts cooked,8,0.1,1.5,0.4,0.5
carrots cooked,16,0.092,3.8,1.6,0.3
lotus root cooked,6,0.056,1.4,0.0,0.1
scots kale cooked,36,0.5,7.3,0.0,2.5
corn cooked,99,1.5,21.6,4.7,3.5
stinging nettles,37,0.007,6.7,0.2,2.4
baby carrots,5,0.053,1.2,0.7,0.031
sweet yellow peppers,50,0.4,11.8,0.0,1.9
roselle,28,0.4,6.4,0.0,0.5
chicory roots,65,0.2,15.8,7.9,1.3
kale cooked,42,1.4,6.3,1.4,3.5
pupusas con frijoles,289,11.4,39.7,1.6,7.0
mustard cabbage,36,0.1,7.2,1.8,1.4
butternut squash cooked,80,0.2,21.0,3.9,1.8
burdock root cooked,146,0.2,35.1,5.9,3.5
cassava,330,0.6,78.4,3.5,2.8
peas carrots cooked,77,0.7,16.2,7.0,4.9
romaine lettuce,8,0.1,1.5,0.6,0.6
chowchow pickles,296,2.2,65.3,58.5,3.7
celeriac cooked,42,0.3,9.1,0.0,1.5
okra cooked,35,0.3,7.2,3.8,3.0
white icicle radish,14,0.1,2.6,0.0,1.1
orange tomato,18,0.2,3.5,0.0,1.3
spaghetti squash cooked,42,0.4,10.0,3.9,1.0
white corn cooked,100,1.5,22.4,8.0,3.4
artichoke cooked,64,0.4,14.3,1.2,3.5
avocado,432,39.6,23.0,1.8,5.4
string beans wellsley farms,8,0.0,1.7,0.3,0.3
lambs quarters cooked,58,1.3,9.0,1.1,5.8
peas cooked,134,0.4,25.0,9.5,8.6
beets cooked,22,0.085,5.0,4.0,0.8
shallots dried,3,0.013,0.7,0.3,0.1
green lettuce,23,0.2,4.3,1.2,2.0
kohlrabi cooked,48,0.2,11.0,4.6,3.0
kanpyo dried,139,0.3,35.1,0.0,4.6
prairie turnips boiled,18,0.086,4.2,0.7,0.2
broccoli raab cooked,21,0.4,2.7,0.5,3.3
summer squash cooked,49,1.0,9.9,6.4,2.7
taro cooked,187,0.1,45.7,0.6,0.7
spring onion scallions,6,0.077,1.5,0.5,0.4
hubbard squash cooked,57,0.7,12.3,5.6,2.8
jalapeno pepper,4,0.002,0.9,0.6,0.1
new zealand spinach cooked,22,0.3,3.8,0.5,2.3
spirulina dried,20,0.5,1.7,0.2,4.0
chinese cabbage pe tsai cooked,17,0.2,2.9,0.0,1.8
zucchini cooked,27,0.6,4.8,3.1,2.1
green olives pickled,4,0.4,0.1,0.051,0.073
grape leaves,13,0.3,2.4,0.9,0.8
dill pickled cucumber,17,0.2,3.7,1.9,0.9
skunk cabbage,11,0.1,1.8,0.0,1.5
banana pepper,9,0.1,1.8,0.6,0.5
purslane cooked,21,0.2,4.1,0.0,1.7
swamp cabbage,20,0.2,3.6,0.0,2.0
onion cooked,7,0.034,1.5,0.7,0.2
cabbage cooked,35,0.019,8.3,4.2,1.9
taro leaves cooked,35,0.6,5.6,0.0,3.9
leeks cooked,38,0.2,9.4,2.6,1.0
split peas cooked,227,0.8,40.2,5.7,16.3
sweet corn yellow,58,0.4,14.2,2.6,4.1
collard cooked,63,1.4,10.7,0.0,5.1
swiss chard cooked,35,0.1,7.2,1.9,3.3
nopales cooked,22,0.003,4.9,1.7,2.0
tahitian taro cooked,60,0.9,9.4,0.0,5.7
green chili pepper,18,0.097,4.3,2.3,0.9
parsnips cooked,114,0.5,27.2,7.7,2.1
tomato stewed,97,3.3,16.1,0.0,2.4
sweet green peppers cooked,19,0.1,4.5,2.3,0.7
jalapeno peppers canned,37,1.3,6.4,2.9,1.3
pumpkin canned,83,0.7,19.8,8.1,2.7
peas onions canned,61,0.5,10.3,0.0,3.9
sweet mashed potato canned,258,0.5,59.1,13.9,5.0
hominy canned,119,1.5,23.5,3.0,2.4
tomato puree canned,95,0.5,22.5,12.1,4.1
dried tomatoes canned in oil,6,0.4,0.7,0.0,0.2
mixed vegetables canned,88,0.6,17.5,0.0,3.5
capers canned,2,0.089,0.4,0.011,0.2
red peppers canned,15,0.058,3.7,2.4,0.7
carrots canned,104,0.6,24.4,11.2,2.6
tomatoes in tomato juice canned,41,0.3,9.6,5.7,1.9
asparagus canned,62,0.7,10.2,4.1,7.4
sweet red peppers canned,25,0.4,5.5,0.0,1.1
onions canned,12,0.084,2.5,1.4,0.5
turnip greens canned,27,0.4,4.0,0.6,2.0
hearts of palm,9,0.2,1.5,0.0,0.8
spinach canned,44,0.9,6.8,0.0,4.9
corn canned,49,0.6,11.1,3.3,1.6
peas carrots canned,97,0.7,21.6,7.2,5.5
crookneck squash canned,27,0.1,6.2,2.5,1.3
tomatoes canned,77,0.7,17.6,10.6,4.0
pimento canned,44,0.6,9.8,5.2,2.1
sweet green peppers canned,25,0.4,5.5,0.0,1.1
peas canned,57,0.8,9.5,0.0,3.5
chili peppers canned,29,0.4,6.4,0.0,1.0
green peppers canned,15,0.074,3.7,2.3,0.7
grape leaves canned,20,0.6,3.3,0.0,1.2
sauerkraut canned,27,0.2,6.1,2.5,1.3
beets canned,69,0.2,16.2,13.2,2.0
stewed tomatoes canned,66,0.5,15.8,9.0,2.3
tomato paste canned,215,1.2,49.5,31.9,11.3
bacon ranch salad mcdonalds,389,20.1,19.4,4.9,28.1
caesar salad with grilled chicken mcdonalds,201,5.6,11.3,4.8,29.1
caesar salad mcdonalds,94,4.4,9.1,4.4,6.8
vegetable salad,22,0.054,4.4,0.0,1.7
vegetable salad with chicken,70,1.5,2.5,0.0,11.6
potato salad,358,20.5,27.9,0.0,6.7
iceberg lettuce,8,0.045,1.7,1.1,0.5
cornsalad,12,0.2,2.0,0.0,1.1
potato salad with egg,393,23.5,40.5,12.4,4.9
side salad mcdonalds,17,0.2,3.7,1.9,0.9
caesar salad with crispy chicken mcdonalds,349,16.4,19.2,4.5,25.7
grape apple salad with walnuts,191,8.2,25.6,20.3,3.5
vegetable salad with cheese egg,68,3.9,3.2,0.0,5.8
celtuce,1,0.088,0.3,0.0,0.071
arugula,5,0.1,0.7,0.4,0.5
vegetable salad with shrimp,71,1.7,4.4,0.0,9.7
coleslaw,292,18.9,28.4,23.3,1.8
shiitake mushrooms cooked,10,0.007,2.6,0.7,0.3
crimini mushrooms,1,0.018,0.3,0.1,0.2
portabella mushrooms grilled,35,0.7,5.4,2.7,4.0
maitake mushrooms,0,0.017,0.072,0.043,0.016
shiitake mushrooms dried,11,0.061,2.7,0.046,0.3
chanterelle mushrooms,2,0.063,0.4,0.076,0.033
cloud ear fungus dried,80,0.2,20.4,0.0,2.6
mushrooms cooked,44,0.7,8.3,3.7,3.4
pepeao dried,72,0.1,19.4,0.0,1.2
truffles,61,4.1,5.4,4.6,0.7
jews ear,25,0.095,6.7,0.0,0.5
enoki mushrooms,1,0.099,0.2,0.034,0.062
morel mushrooms,4,0.07,0.7,0.096,0.4
oyster mushroom,5,0.035,0.9,0.2,0.5
